"","AÃ‘O","MES","CONGLOME","VIVIENDA","HOGAR","UBIGEO","DOMINIO","ESTRATO","PERIODO","TIPENC","FECENT","RESULT","PANEL","P22","P23","P24A","P24B","P25.1","P25.2","P25.3","P25.4","P25.5","P101","P102","P103","P103A","P104","P104A","P104B1","P104B2","P105A","P105B","P106","P106A","P106B","P107B1","P107C11","P107C12","P107C13","P107C14","P107C16","P107C17","P107C18","P107C19","P107C110","P107D1","P107B2","P107C21","P107C22","P107C23","P107C24","P107C26","P107C27","P107C28","P107C29","P107C210","P107D2","P107B3","P107C31","P107C32","P107C33","P107C34","P107C36","P107C37","P107C38","P107C39","P107C310","P107D3","P107B4","P107C41","P107C42","P107C43","P107C44","P107C46","P107C47","P107C48","P107C49","P107C410","P107D4","P107E","P110","P110A1","P110A","P110A_MODIFICADA","P110C","P110C1","P110C2","P110C3","P110D","P110E","P110F","P110G","P111A","P1121","P1123","P1124","P1125","P1126","P1127","P112A","P1131","P1132","P1133","P1135","P1136","P1139","P1137","P1138","P113A","P1141","P1142","P1143","P1144","P1145","P1171.01","P1171.02","P1171.04","P1171.05","P1171.06","P1171.07","P1171.08","P1171.09","P1171.10","P1171.11","P1171.12","P1171.13","P1171.14","P1171.15","P1171.16","P1172.01","P1172.02","P1172.04","P1172.05","P1172.06","P1172.07","P1172.08","P1172.09","P1172.10","P1172.11","P1172.12","P1172.13","P1172.14","P1172.15","P1172.16","P1173.01","P1173.02","P1173.04","P1173.05","P1173.06","P1173.07","P1173.08","P1173.09","P1173.10","P1173.11","P1173.12","P1173.13","P1173.14","P1173.15","P1173.16","P1174.01","P1174.02","P1174.04","P1174.05","P1174.06","P1174.07","P1174.08","P1174.09","P1174.10","P1174.11","P1174.12","P1174.13","P1174.14","P1174.15","P1174.16","P1175.01","P1175.02","P1175.04","P1175.05","P1175.06","P1175.07","P1175.08","P1175.09","P1175.10","P1175.11","P1175.12","P1175.13","P1175.14","P1175.15","P1175.16","P117T2","P117T3","P117T4","T110","P200I","P600I","P600D1","P600M1","P600A1","P600D2","P600M2","P600A2","P612I1","P612I11","P612I2","P612I22","P700I","P710I","P800I","P110I","TICUEST01","D105B","D106","D107D1","D107D2","D107D3","D107D4","D1172.01","D1173.01","D1174.01","D1172.02","D1173.02","D1174.02","D1172.04","D1173.04","D1174.04","D1172.05","D1173.05","D1174.05","D1172.06","D1173.06","D1174.06","D1172.07","D1173.07","D1174.07","D1172.08","D1173.08","D1174.08","D1172.09","D1173.09","D1174.09","D1172.10","D1173.10","D1174.10","D1172.15","D1173.15","D1174.15","D1172.16","D1173.16","D1174.16","D612I11","D1172.11","D1173.11","D1174.11","D1172.12","D1173.12","D1174.12","D1172.13","D1173.13","D1174.13","D1172.14","D1173.14","D1174.14","D612I22","I105B","I106","I1172.01","I1172.02","I1172.04","I1172.05","I1172.06","I1172.07","I1172.08","I1172.09","I1172.10","I1172.11","I1172.12","I1172.13","I1172.14","I1172.15","I1172.16","I1173.01","I1174.01","I1173.02","I1174.02","I1173.04","I1174.04","I1173.05","I1174.05","I1173.06","I1174.06","I1173.07","I1174.07","I1173.08","I1174.08","I1173.09","I1174.09","I1173.10","I1174.10","I1173.11","I1174.11","I1173.12","I1174.12","I1173.13","I1174.13","I1173.14","I1174.14","I1173.15","I1174.15","I1173.16","I1174.16","T111A","NBI1","NBI2","NBI3","NBI4","NBI5","FACTOR07","NCONGLOME","SUB_CONGLOME","CODCCPP","NOMCCPP","LONGITUD","LATITUD","ALTITUD"
"1",2022,2,5007,3,11,10101,4,4,1,3,20220220,1,1,2,NA,3,1,1,0,1,1,0,1,3,3,2,1,0,3,3,1,376,NA,NA,NA,2,NA,NA,NA,NA,NA,NA,NA,NA,NA,NA,2,NA,NA,NA,NA,NA,NA,NA,NA,NA,NA,2,NA,NA,NA,NA,NA,NA,NA,NA,NA,NA,2,NA,NA,NA,NA,NA,NA,NA,NA,NA,NA,NA,1,1,1,1.20000004768372,1,24,NA,NA,2,1,1,1,1,1,0,0,0,0,0,2,0,0,0,0,0,0,0,1,NA,0,1,0,1,0,1,1,0,0,0,0,0,0,0,0,1,0,1,0,0,0,0,NA,NA,NA,NA,NA,NA,NA,NA,50,NA,50,NA,NA,0,0,NA,NA,NA,NA,NA,NA,NA,NA,0,NA,0,NA,NA,NA,NA,NA,NA,NA,NA,NA,NA,NA,NA,NA,NA,NA,NA,NA,1,1,0,0,0,0,0,0,0,0,0,0,0,0,0,99,0,0,1,1,1,19,1,2022,2,2,2022,2,NA,2,NA,1,1,1,1,2,4527,NA,NA,NA,NA,NA,0,0,NA,0,0,NA,NA,NA,NA,NA,NA,NA,NA,NA,NA,NA,NA,NA,NA,NA,NA,NA,NA,NA,NA,NA,NA,NA,NA,NA,NA,NA,NA,NA,NA,NA,NA,605,0,NA,NA,NA,NA,605,0,NA,NA,4527,NA,0,0,NA,NA,NA,NA,NA,NA,NA,NA,605,NA,605,NA,NA,0,NA,0,NA,NA,NA,NA,NA,NA,NA,NA,NA,NA,NA,NA,NA,NA,NA,NA,NA,0,NA,NA,NA,0,NA,NA,NA,NA,NA,1,0,0,0,0,0,45.2823715209961,7070,0,1,"CIUDAD CHACHAPOYAS",-77.8739242553711,-6.22904920578003,2338
"2",2022,2,5007,12,11,10101,4,4,1,3,20220203,1,1,2,NA,2,1,1,0,1,1,0,4,4,5,2,1,1,3,2,5,NA,166,NA,NA,2,NA,NA,NA,NA,NA,NA,NA,NA,NA,NA,2,NA,NA,NA,NA,NA,NA,NA,NA,NA,NA,2,NA,NA,NA,NA,NA,NA,NA,NA,NA,NA,2,NA,NA,NA,NA,NA,NA,NA,NA,NA,NA,NA,2,1,1,0.800000011920929,1,24,NA,NA,1,1,1,1,2,1,0,0,0,0,0,2,0,0,0,0,0,0,0,1,NA,0,1,0,1,0,1,1,0,0,0,0,0,0,0,0,1,0,1,0,0,6,13,NA,NA,NA,NA,NA,NA,NA,NA,10,NA,20,NA,NA,0,0,NA,NA,NA,NA,NA,NA,NA,NA,0,NA,0,NA,NA,NA,NA,NA,NA,NA,NA,NA,NA,NA,NA,NA,NA,NA,NA,NA,0,0,0,0,0,0,0,0,0,0,0,0,0,0,0,50,0,0,2,1,1,19,1,2022,2,2,2022,2,NA,2,NA,1,1,1,1,2,NA,1999,NA,NA,NA,NA,72,0,NA,157,0,NA,NA,NA,NA,NA,NA,NA,NA,NA,NA,NA,NA,NA,NA,NA,NA,NA,NA,NA,NA,NA,NA,NA,NA,NA,NA,NA,NA,NA,NA,NA,NA,121,0,NA,NA,NA,NA,242,0,NA,NA,NA,1999,72,157,NA,NA,NA,NA,NA,NA,NA,NA,121,NA,242,NA,NA,0,NA,0,NA,NA,NA,NA,NA,NA,NA,NA,NA,NA,NA,NA,NA,NA,NA,NA,NA,0,NA,NA,NA,0,NA,NA,NA,NA,NA,2,0,0,0,0,0,45.2823715209961,7070,0,1,"CIUDAD CHACHAPOYAS",-77.8739242553711,-6.22904920578003,2338
"3",2022,2,5007,22,11,10101,4,4,1,3,20220205,1,1,2,NA,1,1,1,0,1,1,0,1,3,3,3,6,4,1,2,2,NA,925,1,1,2,NA,NA,NA,NA,NA,NA,NA,NA,NA,NA,2,NA,NA,NA,NA,NA,NA,NA,NA,NA,NA,2,NA,NA,NA,NA,NA,NA,NA,NA,NA,NA,2,NA,NA,NA,NA,NA,NA,NA,NA,NA,NA,NA,1,1,1,1.20000004768372,1,24,NA,NA,1,1,1,1,1,1,0,0,0,0,0,1,1,1,0,0,1,0,0,0,2,0,1,1,1,0,1,1,1,0,0,0,1,0,0,0,1,1,1,0,0,35,194,85,NA,NA,NA,0,NA,NA,NA,94,100,110,NA,NA,0,0,0,NA,NA,NA,0,NA,NA,NA,0,0,0,NA,NA,NA,NA,0,NA,NA,NA,0,NA,NA,NA,NA,NA,NA,NA,NA,0,0,0,0,0,0,2,0,0,0,0,0,0,0,0,618,0,0,1,2,3,24,1,2022,7,2,2022,2,NA,2,NA,1,1,1,2,2,NA,11138,NA,NA,NA,NA,421,0,NA,2336,0,NA,1023,0,0,NA,NA,NA,NA,NA,NA,NA,NA,NA,0,0,0,NA,NA,NA,NA,NA,NA,NA,NA,NA,NA,NA,NA,NA,NA,NA,NA,1137,0,NA,1209,0,NA,1330,0,NA,NA,NA,11138,421,2336,1023,NA,NA,NA,0,NA,NA,NA,1137,1209,1330,NA,NA,0,NA,0,NA,0,0,NA,NA,NA,NA,NA,NA,0,0,NA,NA,NA,NA,NA,NA,0,NA,0,NA,0,NA,NA,NA,NA,NA,1,0,0,0,0,0,45.2823715209961,7070,0,1,"CIUDAD CHACHAPOYAS",-77.8739242553711,-6.22904920578003,2338
"4",2022,2,5007,50,11,10101,4,4,1,3,20220226,1,1,2,NA,1,1,0,1,1,1,0,1,1,3,1,3,2,1,1,2,NA,1851,1,1,2,NA,NA,NA,NA,NA,NA,NA,NA,NA,NA,2,NA,NA,NA,NA,NA,NA,NA,NA,NA,NA,2,NA,NA,NA,NA,NA,NA,NA,NA,NA,NA,2,NA,NA,NA,NA,NA,NA,NA,NA,NA,NA,NA,1,1,1,1.79999995231628,1,24,NA,NA,1,1,1,1,1,1,0,0,0,0,0,1,0,1,0,0,1,0,0,0,2,0,1,0,1,0,1,1,1,0,0,0,1,0,0,0,1,0,1,0,0,0,0,53,NA,NA,NA,0,NA,NA,NA,0,NA,0,NA,NA,88,49,0,NA,NA,NA,0,NA,NA,NA,30,NA,50,NA,NA,NA,NA,0,NA,NA,NA,0,NA,NA,NA,NA,NA,NA,NA,NA,0,0,0,0,0,0,2,0,0,0,0,0,0,0,0,54,217,0,1,1,1,11,2,2022,25,2,2022,2,NA,2,NA,1,1,1,1,2,NA,22288,NA,NA,NA,NA,0,1060,NA,0,590,NA,638,0,0,NA,NA,NA,NA,NA,NA,NA,NA,NA,0,0,0,NA,NA,NA,NA,NA,NA,NA,NA,NA,NA,NA,NA,NA,NA,NA,NA,0,363,NA,NA,NA,NA,0,605,NA,NA,NA,22288,0,0,638,NA,NA,NA,0,NA,NA,NA,0,NA,0,NA,NA,1060,NA,590,NA,0,0,NA,NA,NA,NA,NA,NA,0,0,NA,NA,NA,NA,NA,NA,363,NA,NA,NA,605,NA,NA,NA,NA,NA,1,0,0,0,0,0,45.2823715209961,7070,0,1,"CIUDAD CHACHAPOYAS",-77.8739242553711,-6.22904920578003,2338
"5",2022,3,5009,56,11,10101,4,4,1,3,20220322,1,2,1,10109,1,2,0,1,0,0,0,4,3,4,5,1,1,3,3,1,198,NA,NA,NA,2,NA,NA,NA,NA,NA,NA,NA,NA,NA,NA,2,NA,NA,NA,NA,NA,NA,NA,NA,NA,NA,2,NA,NA,NA,NA,NA,NA,NA,NA,NA,NA,2,NA,NA,NA,NA,NA,NA,NA,NA,NA,NA,NA,2,1,3,0,1,24,NA,NA,1,1,1,1,2,1,0,0,0,0,0,2,0,1,0,0,1,0,0,0,2,0,1,0,1,0,1,1,1,0,0,0,1,0,0,0,1,0,1,0,0,19,19,55,NA,NA,NA,0,NA,NA,NA,40,NA,43,NA,NA,0,0,0,NA,NA,NA,19,NA,NA,NA,0,NA,0,NA,NA,NA,NA,0,NA,NA,NA,0,NA,NA,NA,NA,NA,NA,NA,NA,0,0,0,0,0,0,0,0,0,0,0,0,0,0,0,178,19,0,2,3,2,15,2,2022,1,3,2022,2,NA,2,NA,2,2,3,3,2,2387,NA,NA,NA,NA,NA,229,0,NA,229,0,NA,663,0,0,NA,NA,NA,NA,NA,NA,NA,NA,NA,0,229,0,NA,NA,NA,NA,NA,NA,NA,NA,NA,NA,NA,NA,NA,NA,NA,NA,489,0,NA,NA,NA,NA,526,0,NA,NA,2387,NA,229,229,663,NA,NA,NA,0,NA,NA,NA,489,NA,526,NA,NA,0,NA,0,NA,0,0,NA,NA,NA,NA,NA,NA,229,0,NA,NA,NA,NA,NA,NA,0,NA,NA,NA,0,NA,NA,NA,NA,NA,2,0,1,0,0,0,167.946182250977,7076,0,1,"CIUDAD CHACHAPOYAS",-77.8612899780273,-6.22583484649658,2287
"6",2022,3,5009,84,11,10101,4,4,1,3,20220302,1,2,2,NA,1,2,0,1,0,0,0,4,3,5,5,1,0,3,3,1,128,NA,NA,NA,2,NA,NA,NA,NA,NA,NA,NA,NA,NA,NA,2,NA,NA,NA,NA,NA,NA,NA,NA,NA,NA,2,NA,NA,NA,NA,NA,NA,NA,NA,NA,NA,2,NA,NA,NA,NA,NA,NA,NA,NA,NA,NA,NA,2,1,1,1.39999997615814,1,24,NA,NA,1,1,1,1,2,1,0,0,0,0,0,2,0,1,0,0,0,0,0,0,2,0,1,0,0,0,1,1,1,0,0,0,0,0,0,0,1,0,0,0,0,9,9,56,NA,NA,NA,NA,NA,NA,NA,10,NA,NA,NA,NA,0,0,0,NA,NA,NA,NA,NA,NA,NA,0,NA,NA,NA,NA,NA,NA,0,NA,NA,NA,NA,NA,NA,NA,NA,NA,NA,NA,NA,0,0,0,0,0,0,0,0,0,0,0,0,0,0,0,87,0,0,2,1,1,15,2,2022,1,3,2022,2,NA,2,NA,1,1,1,1,2,1543,NA,NA,NA,NA,NA,109,0,NA,109,0,NA,675,0,0,NA,NA,NA,NA,NA,NA,NA,NA,NA,NA,NA,NA,NA,NA,NA,NA,NA,NA,NA,NA,NA,NA,NA,NA,NA,NA,NA,NA,122,0,NA,NA,NA,NA,NA,NA,NA,NA,1543,NA,109,109,675,NA,NA,NA,NA,NA,NA,NA,122,NA,NA,NA,NA,0,NA,0,NA,0,0,NA,NA,NA,NA,NA,NA,NA,NA,NA,NA,NA,NA,NA,NA,0,NA,NA,NA,NA,NA,NA,NA,NA,NA,2,0,0,0,0,0,167.946182250977,7076,0,1,"CIUDAD CHACHAPOYAS",-77.8612899780273,-6.22583484649658,2287
"7",2022,3,5009,98,11,10101,4,4,1,3,20220303,1,1,2,NA,3,3,0,1,0,0,0,4,1,5,1,1,0,3,3,1,267,NA,NA,NA,2,NA,NA,NA,NA,NA,NA,NA,NA,NA,NA,2,NA,NA,NA,NA,NA,NA,NA,NA,NA,NA,2,NA,NA,NA,NA,NA,NA,NA,NA,NA,NA,2,NA,NA,NA,NA,NA,NA,NA,NA,NA,NA,NA,2,1,1,0.600000023841858,1,24,NA,NA,1,1,1,1,2,1,0,0,0,0,0,2,0,1,0,0,1,0,0,0,2,0,1,0,0,0,1,1,1,0,0,0,1,0,0,0,1,0,0,0,0,11,12,85,NA,NA,NA,0,NA,NA,NA,10,NA,NA,NA,NA,0,0,0,NA,NA,NA,9,NA,NA,NA,0,NA,NA,NA,NA,NA,NA,0,NA,NA,NA,0,NA,NA,NA,NA,NA,NA,NA,NA,0,0,0,0,0,0,0,0,0,0,0,0,0,0,0,120,9,0,2,1,1,16,2,2022,2,3,2022,2,NA,2,NA,1,1,1,1,2,3219,NA,NA,NA,NA,NA,133,0,NA,145,0,NA,1025,0,0,NA,NA,NA,NA,NA,NA,NA,NA,NA,0,109,0,NA,NA,NA,NA,NA,NA,NA,NA,NA,NA,NA,NA,NA,NA,NA,NA,122,0,NA,NA,NA,NA,NA,NA,NA,NA,3219,NA,133,145,1025,NA,NA,NA,0,NA,NA,NA,122,NA,NA,NA,NA,0,NA,0,NA,0,0,NA,NA,NA,NA,NA,NA,109,0,NA,NA,NA,NA,NA,NA,0,NA,NA,NA,NA,NA,NA,NA,NA,NA,2,0,1,0,0,0,167.946182250977,7076,0,1,"CIUDAD CHACHAPOYAS",-77.8612899780273,-6.22583484649658,2287
"8",2022,3,5009,126,11,10101,4,4,1,3,20220331,1,1,2,NA,1,1,1,0,1,1,0,1,1,5,4,3,2,2,1,2,NA,1851,2,NA,2,NA,NA,NA,NA,NA,NA,NA,NA,NA,NA,2,NA,NA,NA,NA,NA,NA,NA,NA,NA,NA,2,NA,NA,NA,NA,NA,NA,NA,NA,NA,NA,2,NA,NA,NA,NA,NA,NA,NA,NA,NA,NA,NA,1,1,2,0.200000002980232,1,10,NA,NA,1,1,1,1,1,1,0,0,0,0,0,1,1,1,0,0,1,0,0,0,2,0,1,1,1,0,1,1,1,0,0,0,1,0,0,0,1,1,1,0,0,28,109,113,NA,NA,NA,0,NA,NA,NA,40,50,60,NA,NA,0,0,0,NA,NA,NA,0,NA,NA,NA,0,0,0,NA,NA,NA,NA,0,NA,NA,NA,0,NA,NA,NA,NA,NA,NA,NA,NA,0,0,0,0,0,0,2,0,0,0,0,0,0,0,0,402,0,0,1,1,1,15,2,2022,1,3,2022,2,NA,2,NA,1,1,1,1,2,NA,22318,NA,NA,NA,NA,338,0,NA,1314,0,NA,1362,0,0,NA,NA,NA,NA,NA,NA,NA,NA,NA,0,0,0,NA,NA,NA,NA,NA,NA,NA,NA,NA,NA,NA,NA,NA,NA,NA,NA,489,0,NA,611,0,NA,733,0,NA,NA,NA,22318,338,1314,1362,NA,NA,NA,0,NA,NA,NA,489,611,733,NA,NA,0,NA,0,NA,0,0,NA,NA,NA,NA,NA,NA,0,0,NA,NA,NA,NA,NA,NA,0,NA,0,NA,0,NA,NA,NA,NA,NA,1,0,0,0,0,0,167.946182250977,7076,0,1,"CIUDAD CHACHAPOYAS",-77.8612899780273,-6.22583484649658,2287
"9",2022,7,5027,6,11,10201,7,4,2,3,20220717,1,1,2,NA,3,1,0,1,0,1,0,4,3,5,4,2,1,2,2,6,NA,113,NA,NA,2,NA,NA,NA,NA,NA,NA,NA,NA,NA,NA,2,NA,NA,NA,NA,NA,NA,NA,NA,NA,NA,2,NA,NA,NA,NA,NA,NA,NA,NA,NA,NA,2,NA,NA,NA,NA,NA,NA,NA,NA,NA,NA,NA,2,1,3,0,1,2,NA,NA,1,3,1,1,2,1,0,0,0,0,0,2,0,1,0,0,0,0,0,0,2,0,1,0,0,0,1,1,1,0,0,0,0,0,0,0,1,0,0,0,0,9,24,37,NA,NA,NA,NA,NA,NA,NA,10,NA,NA,NA,NA,0,0,0,NA,NA,NA,NA,NA,NA,NA,0,NA,NA,NA,NA,NA,NA,0,NA,NA,NA,NA,NA,NA,NA,NA,NA,NA,NA,NA,0,0,0,0,0,0,0,0,0,0,0,0,0,0,0,82,0,0,2,2,2,2,7,2022,16,7,2022,2,NA,2,NA,2,2,2,2,2,NA,1350,NA,NA,NA,NA,107,0,NA,287,0,NA,442,0,0,NA,NA,NA,NA,NA,NA,NA,NA,NA,NA,NA,NA,NA,NA,NA,NA,NA,NA,NA,NA,NA,NA,NA,NA,NA,NA,NA,NA,121,0,NA,NA,NA,NA,NA,NA,NA,NA,NA,1350,107,287,442,NA,NA,NA,NA,NA,NA,NA,121,NA,NA,NA,NA,0,NA,0,NA,0,0,NA,NA,NA,NA,NA,NA,NA,NA,NA,NA,NA,NA,NA,NA,0,NA,NA,NA,NA,NA,NA,NA,NA,NA,2,0,0,0,0,0,188.995742797852,6599,0,1,"CIUDAD BAGUA",-78.5273132324219,-5.62991380691528,503
"10",2022,7,5027,18,11,10201,7,4,2,3,20220725,1,1,2,NA,1,1,1,0,1,1,0,1,1,2,1,3,2,3,3,1,693,NA,NA,NA,2,NA,NA,NA,NA,NA,NA,NA,NA,NA,NA,2,NA,NA,NA,NA,NA,NA,NA,NA,NA,NA,2,NA,NA,NA,NA,NA,NA,NA,NA,NA,NA,2,NA,NA,NA,NA,NA,NA,NA,NA,NA,NA,NA,1,1,3,0,2,NA,4,2,1,5,1,1,1,1,0,0,0,0,0,1,0,1,0,0,0,0,0,0,2,0,1,1,1,0,1,1,1,0,0,0,0,0,0,0,1,1,1,0,0,29,68,88,NA,NA,NA,NA,NA,NA,NA,30,10,30,NA,NA,0,0,0,NA,NA,NA,NA,NA,NA,NA,0,0,0,NA,NA,NA,NA,0,NA,NA,NA,NA,NA,NA,NA,NA,NA,NA,NA,NA,0,0,0,0,0,0,0,0,0,0,0,0,0,0,0,257,0,0,1,2,2,2,7,2022,16,7,2022,2,NA,2,NA,2,2,2,2,2,8277,NA,NA,NA,NA,NA,346,0,NA,812,0,NA,1051,0,0,NA,NA,NA,NA,NA,NA,NA,NA,NA,NA,NA,NA,NA,NA,NA,NA,NA,NA,NA,NA,NA,NA,NA,NA,NA,NA,NA,NA,362,0,NA,121,0,NA,362,0,NA,NA,8277,NA,346,812,1051,NA,NA,NA,NA,NA,NA,NA,362,121,362,NA,NA,0,NA,0,NA,0,0,NA,NA,NA,NA,NA,NA,NA,NA,NA,NA,NA,NA,NA,NA,0,NA,0,NA,0,NA,NA,NA,NA,NA,1,0,0,0,0,0,188.995742797852,6599,0,1,"CIUDAD BAGUA",-78.5273132324219,-5.62991380691528,503
"11",2022,7,5027,44,11,10201,7,4,2,3,20220801,1,1,1,110101,1,3,0,1,0,1,0,1,3,5,4,4,3,2,2,2,NA,462,2,NA,2,NA,NA,NA,NA,NA,NA,NA,NA,NA,NA,2,NA,NA,NA,NA,NA,NA,NA,NA,NA,NA,2,NA,NA,NA,NA,NA,NA,NA,NA,NA,NA,2,NA,NA,NA,NA,NA,NA,NA,NA,NA,NA,NA,1,2,3,0,2,NA,4,3,1,3,2,NA,1,1,0,0,0,0,0,1,1,1,0,0,1,0,0,0,2,0,1,1,1,0,1,1,1,0,0,0,1,0,0,0,1,1,1,0,0,0,90,58,NA,NA,NA,0,NA,NA,NA,85,30,120,NA,NA,0,0,0,NA,NA,NA,0,NA,NA,NA,0,0,0,NA,NA,NA,NA,0,NA,NA,NA,0,NA,NA,NA,NA,NA,NA,NA,NA,3,0,0,0,0,0,2,0,0,0,0,0,0,0,0,383,0,0,1,2,2,5,7,2022,19,7,2022,2,NA,2,NA,2,2,2,2,2,NA,5478,NA,NA,NA,NA,0,0,NA,1067,0,NA,688,0,0,NA,NA,NA,NA,NA,NA,NA,NA,NA,0,0,0,NA,NA,NA,NA,NA,NA,NA,NA,NA,NA,NA,NA,NA,NA,NA,NA,1019,0,NA,360,0,NA,1439,0,NA,NA,NA,5478,290,1067,688,NA,NA,NA,0,NA,NA,NA,1019,360,1439,NA,NA,0,NA,0,NA,0,0,NA,NA,NA,NA,NA,NA,0,0,NA,NA,NA,NA,NA,NA,0,NA,0,NA,0,NA,NA,NA,NA,NA,1,0,0,0,0,0,188.995742797852,6599,0,1,"CIUDAD BAGUA",-78.5273132324219,-5.62991380691528,503
"12",2022,7,5027,55,11,10201,7,4,2,3,20220720,1,1,2,NA,3,3,0,1,0,1,0,1,3,6,4,4,2,2,2,6,NA,370,NA,NA,2,NA,NA,NA,NA,NA,NA,NA,NA,NA,NA,2,NA,NA,NA,NA,NA,NA,NA,NA,NA,NA,2,NA,NA,NA,NA,NA,NA,NA,NA,NA,NA,2,NA,NA,NA,NA,NA,NA,NA,NA,NA,NA,NA,1,2,3,0,1,24,NA,NA,1,1,2,NA,1,1,0,0,0,0,0,1,0,1,0,0,1,0,0,0,6,0,1,1,1,0,1,1,1,0,0,0,1,0,0,0,1,1,1,0,0,0,12,68,NA,NA,NA,0,NA,NA,NA,68,10,75,NA,NA,0,0,0,NA,NA,NA,0,NA,NA,NA,0,0,0,NA,NA,NA,NA,0,NA,NA,NA,0,NA,NA,NA,NA,NA,NA,NA,NA,3,0,0,0,0,0,2,0,0,0,0,0,0,0,0,233,0,0,1,2,2,1,7,2022,15,7,2022,2,NA,2,NA,2,2,2,2,2,NA,4419,NA,NA,NA,NA,0,0,NA,143,0,NA,812,0,0,NA,NA,NA,NA,NA,NA,NA,NA,NA,0,0,0,NA,NA,NA,NA,NA,NA,NA,NA,NA,NA,NA,NA,NA,NA,NA,NA,822,0,NA,121,0,NA,906,0,NA,NA,NA,4419,290,143,812,NA,NA,NA,0,NA,NA,NA,822,121,906,NA,NA,0,NA,0,NA,0,0,NA,NA,NA,NA,NA,NA,0,0,NA,NA,NA,NA,NA,NA,0,NA,0,NA,0,NA,NA,NA,NA,NA,1,0,0,0,0,0,188.995742797852,6599,0,1,"CIUDAD BAGUA",-78.5273132324219,-5.62991380691528,503
"13",2022,7,5027,65,11,10201,7,4,2,3,20220718,1,1,2,NA,3,3,0,1,0,0,0,1,3,6,4,1,1,2,2,6,NA,138,NA,NA,2,NA,NA,NA,NA,NA,NA,NA,NA,NA,NA,2,NA,NA,NA,NA,NA,NA,NA,NA,NA,NA,2,NA,NA,NA,NA,NA,NA,NA,NA,NA,NA,2,NA,NA,NA,NA,NA,NA,NA,NA,NA,NA,NA,1,2,3,0,1,24,NA,NA,1,3,2,NA,7,1,0,0,0,0,0,1,0,1,0,0,1,0,1,0,6,0,1,0,1,0,1,1,1,0,0,0,1,0,0,0,1,0,1,1,0,0,9,53,NA,NA,NA,0,NA,NA,NA,28,NA,28,0,NA,0,0,0,NA,NA,NA,0,NA,NA,NA,0,NA,0,0,NA,NA,NA,0,NA,NA,NA,0,NA,NA,NA,NA,NA,NA,0,NA,3,0,0,0,0,0,2,0,0,0,0,0,0,2,0,119,0,0,1,1,1,3,7,2022,17,7,2022,2,NA,2,NA,1,1,1,1,2,NA,1648,NA,NA,NA,NA,0,0,NA,107,0,NA,633,0,0,NA,NA,NA,NA,NA,NA,NA,NA,NA,0,0,0,NA,NA,NA,NA,NA,NA,0,0,0,NA,NA,NA,NA,NA,NA,NA,338,0,NA,NA,NA,NA,338,0,NA,NA,NA,1648,108.5,107,633,NA,NA,NA,0,NA,NA,NA,338,NA,338,0,NA,0,NA,0,NA,0,0,NA,NA,NA,NA,NA,NA,0,0,NA,NA,NA,NA,NA,NA,0,NA,NA,NA,0,NA,0,0,NA,NA,10,0,0,0,0,0,188.995742797852,6599,0,1,"CIUDAD BAGUA",-78.5273132324219,-5.62991380691528,503
"14",2022,7,5027,78,11,10201,7,4,2,3,20220720,1,1,2,NA,3,3,0,1,0,1,0,1,1,6,4,2,1,2,2,2,NA,231,2,NA,2,NA,NA,NA,NA,NA,NA,NA,NA,NA,NA,2,NA,NA,NA,NA,NA,NA,NA,NA,NA,NA,2,NA,NA,NA,NA,NA,NA,NA,NA,NA,NA,2,NA,NA,NA,NA,NA,NA,NA,NA,NA,NA,NA,1,2,3,0,1,24,NA,NA,1,3,2,NA,1,1,0,0,0,0,0,1,0,0,0,0,1,0,1,0,6,0,1,1,0,0,1,1,0,0,0,0,1,0,0,0,1,1,0,1,0,0,7,NA,NA,NA,NA,0,NA,NA,NA,10,10,NA,0,NA,0,0,NA,NA,NA,NA,0,NA,NA,NA,0,0,NA,0,NA,NA,NA,NA,NA,NA,NA,0,NA,NA,NA,NA,NA,NA,0,NA,3,0,0,0,0,0,2,0,0,0,0,0,0,2,0,27,0,0,1,1,1,5,7,2022,19,7,2022,2,NA,2,NA,1,1,1,1,2,NA,2759,NA,NA,NA,NA,0,0,NA,84,0,NA,NA,NA,NA,NA,NA,NA,NA,NA,NA,NA,NA,NA,0,0,0,NA,NA,NA,NA,NA,NA,0,0,0,NA,NA,NA,NA,NA,NA,NA,121,0,NA,121,0,NA,NA,NA,NA,NA,NA,2759,108.5,84,NA,NA,NA,NA,0,NA,NA,NA,121,121,NA,0,NA,0,NA,0,NA,NA,NA,NA,NA,NA,NA,NA,NA,0,0,NA,NA,NA,NA,NA,NA,0,NA,0,NA,NA,NA,0,0,NA,NA,1,0,0,0,0,0,188.995742797852,6599,0,1,"CIUDAD BAGUA",-78.5273132324219,-5.62991380691528,503
"15",2022,1,5030,8,11,10201,7,4,2,1,20220114,1,NA,2,NA,1,2,0,1,1,1,0,1,1,5,4,8,4,1,2,2,NA,740,1,1,2,NA,NA,NA,NA,NA,NA,NA,NA,NA,NA,2,NA,NA,NA,NA,NA,NA,NA,NA,NA,NA,2,NA,NA,NA,NA,NA,NA,NA,NA,NA,NA,2,NA,NA,NA,NA,NA,NA,NA,NA,NA,NA,NA,1,2,3,0,2,NA,4,2,2,4,1,1,1,1,0,0,0,0,0,1,0,1,0,0,1,0,0,0,2,0,1,1,0,0,1,1,1,0,0,0,1,0,0,0,1,1,0,0,0,23,132,56,NA,NA,NA,14,NA,NA,NA,10,30,NA,NA,NA,0,0,0,NA,NA,NA,0,NA,NA,NA,0,0,NA,NA,NA,NA,NA,0,NA,NA,NA,0,NA,NA,NA,NA,NA,NA,NA,NA,0,0,0,0,0,0,0,0,0,0,0,0,0,0,0,269,0,0,1,1,2,30,12,2021,13,1,2022,2,NA,2,NA,2,2,2,1,2,NA,9018,NA,NA,NA,NA,280,0,NA,1609,0,NA,682,0,0,NA,NA,NA,NA,NA,NA,NA,NA,NA,171,0,0,NA,NA,NA,NA,NA,NA,NA,NA,NA,NA,NA,NA,NA,NA,NA,NA,121,0,NA,363,0,NA,NA,NA,NA,NA,NA,9018,280,1609,682,NA,NA,NA,171,NA,NA,NA,121,363,NA,NA,NA,0,NA,0,NA,0,0,NA,NA,NA,NA,NA,NA,0,0,NA,NA,NA,NA,NA,NA,0,NA,0,NA,NA,NA,NA,NA,NA,NA,1,0,0,0,0,0,106.890243530273,6618,0,1,"BAGUA",-78.5312118530273,-5.63599729537964,429
"16",2022,1,5030,17,11,10201,7,4,2,1,20220114,1,NA,2,NA,1,2,1,0,1,1,0,1,1,2,4,6,2,1,1,2,NA,555,1,1,2,NA,NA,NA,NA,NA,NA,NA,NA,NA,NA,2,NA,NA,NA,NA,NA,NA,NA,NA,NA,NA,2,NA,NA,NA,NA,NA,NA,NA,NA,NA,NA,2,NA,NA,NA,NA,NA,NA,NA,NA,NA,NA,NA,1,2,3,0,2,NA,4,1,2,4,1,1,1,1,0,0,0,0,0,1,0,1,0,0,0,0,0,0,2,0,1,1,1,0,1,1,1,0,0,0,0,0,0,0,1,1,1,0,0,147,196,162,NA,NA,NA,NA,NA,NA,NA,50,30,60,NA,NA,0,0,0,NA,NA,NA,NA,NA,NA,NA,0,0,0,NA,NA,NA,NA,0,NA,NA,NA,NA,NA,NA,NA,NA,NA,NA,NA,NA,0,0,0,0,0,0,0,0,0,0,0,0,0,0,0,649,0,0,1,1,1,30,12,2021,13,1,2022,2,NA,2,NA,1,1,1,1,2,NA,6764,NA,NA,NA,NA,1791,0,NA,2389,0,NA,1974,0,0,NA,NA,NA,NA,NA,NA,NA,NA,NA,NA,NA,NA,NA,NA,NA,NA,NA,NA,NA,NA,NA,NA,NA,NA,NA,NA,NA,NA,604,0,NA,363,0,NA,725,0,NA,NA,NA,6764,1791,2389,1974,NA,NA,NA,NA,NA,NA,NA,604,363,725,NA,NA,0,NA,0,NA,0,0,NA,NA,NA,NA,NA,NA,NA,NA,NA,NA,NA,NA,NA,NA,0,NA,0,NA,0,NA,NA,NA,NA,NA,1,0,0,0,0,0,106.890243530273,6618,0,1,"BAGUA",-78.5312118530273,-5.63599729537964,429
"17",2022,1,5030,33,11,10201,7,4,2,1,20220113,1,NA,2,NA,3,3,0,1,0,1,0,1,1,6,4,1,0,2,2,2,NA,138,2,NA,2,NA,NA,NA,NA,NA,NA,NA,NA,NA,NA,2,NA,NA,NA,NA,NA,NA,NA,NA,NA,NA,2,NA,NA,NA,NA,NA,NA,NA,NA,NA,NA,2,NA,NA,NA,NA,NA,NA,NA,NA,NA,NA,NA,1,2,2,0.200000002980232,1,3,NA,NA,2,3,1,1,1,1,0,0,0,0,0,2,0,1,0,1,0,0,0,0,2,0,1,0,1,0,1,1,1,0,0,1,0,0,0,0,1,0,1,0,0,3,8,53,NA,NA,11,NA,NA,NA,NA,15,NA,15,NA,NA,0,0,0,NA,NA,0,NA,NA,NA,NA,0,NA,0,NA,NA,NA,NA,0,NA,NA,0,NA,NA,NA,NA,NA,NA,NA,NA,NA,0,0,0,0,0,0,0,0,0,0,0,0,0,0,0,108,0,0,1,1,1,29,12,2021,12,1,2022,2,NA,2,NA,1,1,1,1,2,NA,1682,NA,NA,NA,NA,37,0,NA,97,0,NA,646,0,0,NA,NA,NA,NA,NA,NA,134,0,0,NA,NA,NA,NA,NA,NA,NA,NA,NA,NA,NA,NA,NA,NA,NA,NA,NA,NA,NA,181,0,NA,NA,NA,NA,181,0,NA,NA,NA,1682,37,97,646,NA,NA,134,NA,NA,NA,NA,181,NA,181,NA,NA,0,NA,0,NA,0,0,NA,NA,NA,NA,0,0,NA,NA,NA,NA,NA,NA,NA,NA,0,NA,NA,NA,0,NA,NA,NA,NA,NA,1,0,1,0,0,0,106.890243530273,6618,0,1,"BAGUA",-78.5312118530273,-5.63599729537964,429
"18",2022,1,5030,50,11,10201,7,4,2,1,20220115,1,NA,2,NA,1,1,0,1,0,1,0,1,1,5,1,6,1,1,2,2,NA,282,2,NA,2,NA,NA,NA,NA,NA,NA,NA,NA,NA,NA,2,NA,NA,NA,NA,NA,NA,NA,NA,NA,NA,2,NA,NA,NA,NA,NA,NA,NA,NA,NA,NA,2,NA,NA,NA,NA,NA,NA,NA,NA,NA,NA,NA,1,2,2,0.400000005960464,1,2,NA,NA,1,1,1,1,1,1,0,0,0,0,0,1,0,1,0,0,1,0,0,0,2,0,1,1,0,0,1,1,1,0,0,0,1,0,0,0,1,1,0,0,0,22,49,51,NA,NA,NA,0,NA,NA,NA,37,30,NA,NA,NA,0,0,0,NA,NA,NA,0,NA,NA,NA,0,0,NA,NA,NA,NA,NA,0,NA,NA,NA,0,NA,NA,NA,NA,NA,NA,NA,NA,0,0,0,0,0,0,2,0,0,0,0,0,0,0,0,191,0,0,1,1,2,31,12,2021,14,1,2022,2,NA,2,NA,2,2,2,1,2,NA,3437,NA,NA,NA,NA,268,0,NA,597,0,NA,622,0,0,NA,NA,NA,NA,NA,NA,NA,NA,NA,0,0,0,NA,NA,NA,NA,NA,NA,NA,NA,NA,NA,NA,NA,NA,NA,NA,NA,447,0,NA,363,0,NA,NA,NA,NA,NA,NA,3437,268,597,622,NA,NA,NA,0,NA,NA,NA,447,363,NA,NA,NA,0,NA,0,NA,0,0,NA,NA,NA,NA,NA,NA,0,0,NA,NA,NA,NA,NA,NA,0,NA,0,NA,NA,NA,NA,NA,NA,NA,1,0,0,0,0,0,106.890243530273,6618,0,1,"BAGUA",-78.5312118530273,-5.63599729537964,429
"19",2022,1,5030,59,11,10201,7,4,2,1,20220115,1,NA,2,NA,2,1,0,1,0,1,0,1,3,5,4,3,2,2,2,6,NA,250,NA,NA,2,NA,NA,NA,NA,NA,NA,NA,NA,NA,NA,2,NA,NA,NA,NA,NA,NA,NA,NA,NA,NA,2,NA,NA,NA,NA,NA,NA,NA,NA,NA,NA,2,NA,NA,NA,NA,NA,NA,NA,NA,NA,NA,NA,1,2,3,0,1,2,NA,NA,2,3,1,1,1,1,0,0,0,0,0,1,0,1,0,0,1,0,1,0,6,0,1,1,0,0,1,1,1,0,0,0,1,0,0,0,1,1,0,1,0,19,34,39,NA,NA,NA,0,NA,NA,NA,106,30,NA,0,NA,0,0,0,NA,NA,NA,0,NA,NA,NA,0,0,NA,0,NA,NA,NA,0,NA,NA,NA,0,NA,NA,NA,NA,NA,NA,0,NA,0,0,0,0,0,0,2,0,0,0,0,0,0,2,0,228,0,0,1,2,2,31,12,2021,14,1,2022,2,NA,2,NA,2,2,2,2,2,NA,3047,NA,NA,NA,NA,232,0,NA,414,0,NA,475,0,0,NA,NA,NA,NA,NA,NA,NA,NA,NA,0,0,0,NA,NA,NA,NA,NA,NA,0,0,0,NA,NA,NA,NA,NA,NA,NA,1281,0,NA,363,0,NA,NA,NA,NA,NA,NA,3047,232,414,475,NA,NA,NA,0,NA,NA,NA,1281,363,NA,0,NA,0,NA,0,NA,0,0,NA,NA,NA,NA,NA,NA,0,0,NA,NA,NA,NA,NA,NA,0,NA,0,NA,NA,NA,0,0,NA,NA,1,0,1,0,0,0,106.890243530273,6618,0,1,"BAGUA",-78.5312118530273,-5.63599729537964,429
"20",2022,8,5036,14,11,10206,7,5,3,3,20220820,1,1,2,NA,1,2,0,1,0,1,0,1,3,5,4,4,3,2,2,6,NA,185,NA,NA,2,NA,NA,NA,NA,NA,NA,NA,NA,NA,NA,2,NA,NA,NA,NA,NA,NA,NA,NA,NA,NA,2,NA,NA,NA,NA,NA,NA,NA,NA,NA,NA,2,NA,NA,NA,NA,NA,NA,NA,NA,NA,NA,NA,1,2,3,0,1,24,NA,NA,2,1,1,2,1,1,0,0,0,0,0,2,0,1,0,0,1,0,1,0,6,0,1,0,1,0,1,1,1,0,0,0,1,0,0,0,1,0,1,1,0,2,28,56,NA,NA,NA,0,NA,NA,NA,44,NA,79,0,NA,0,0,0,NA,NA,NA,0,NA,NA,NA,0,NA,0,0,NA,NA,NA,0,NA,NA,NA,0,NA,NA,NA,NA,NA,NA,0,NA,0,0,0,0,0,0,2,0,0,0,0,0,0,2,0,210,0,0,1,1,2,5,8,2022,19,8,2022,2,NA,2,NA,1,1,1,1,2,NA,2194,NA,NA,NA,NA,24,0,NA,332,0,NA,664,0,0,NA,NA,NA,NA,NA,NA,NA,NA,NA,0,0,0,NA,NA,NA,NA,NA,NA,0,0,0,NA,NA,NA,NA,NA,NA,NA,528,0,NA,NA,NA,NA,947,0,NA,NA,NA,2194,24,332,664,NA,NA,NA,0,NA,NA,NA,528,NA,947,0,NA,0,NA,0,NA,0,0,NA,NA,NA,NA,NA,NA,0,0,NA,NA,NA,NA,NA,NA,0,NA,NA,NA,0,NA,0,0,NA,NA,1,0,0,0,0,0,188.995742797852,6637,0,1,"CENTRO POBLADO MENOR LA PECA",-78.434440612793,-5.61117649078369,901
"21",2022,8,5036,32,11,10206,7,5,3,3,20220823,1,1,2,NA,1,1,0,1,0,1,0,1,3,5,4,4,2,1,2,2,NA,138,2,NA,2,NA,NA,NA,NA,NA,NA,NA,NA,NA,NA,2,NA,NA,NA,NA,NA,NA,NA,NA,NA,NA,1,0,2,0,0,0,0,0,0,0,7000,2,NA,NA,NA,NA,NA,NA,NA,NA,NA,NA,2,1,2,3,0,1,24,NA,NA,2,1,1,2,1,1,0,0,0,0,0,1,0,1,0,0,1,0,0,0,2,0,1,1,1,0,1,1,1,0,0,0,1,0,0,0,1,1,1,0,0,2,34,56,NA,NA,NA,0,NA,NA,NA,55,35,40,NA,NA,0,0,0,NA,NA,NA,0,NA,NA,NA,0,0,0,NA,NA,NA,NA,0,NA,NA,NA,0,NA,NA,NA,NA,NA,NA,NA,NA,0,0,0,0,0,0,2,0,0,0,0,0,0,0,0,223,0,0,1,1,2,5,8,2022,19,8,2022,2,NA,2,NA,1,1,1,1,2,NA,1636,NA,NA,7127,NA,24,0,NA,403,0,NA,664,0,0,NA,NA,NA,NA,NA,NA,NA,NA,NA,0,0,0,NA,NA,NA,NA,NA,NA,NA,NA,NA,NA,NA,NA,NA,NA,NA,NA,659,0,NA,420,0,NA,480,0,NA,NA,NA,1636,24,403,664,NA,NA,NA,0,NA,NA,NA,659,420,480,NA,NA,0,NA,0,NA,0,0,NA,NA,NA,NA,NA,NA,0,0,NA,NA,NA,NA,NA,NA,0,NA,0,NA,0,NA,NA,NA,NA,NA,1,0,0,0,0,0,188.995742797852,6637,0,1,"CENTRO POBLADO MENOR LA PECA",-78.434440612793,-5.61117649078369,901
"22",2022,8,5036,52,11,10206,7,5,3,3,20220819,1,1,2,NA,1,1,0,1,0,1,0,1,3,5,4,3,2,2,2,6,NA,277,NA,NA,2,NA,NA,NA,NA,NA,NA,NA,NA,NA,NA,2,NA,NA,NA,NA,NA,NA,NA,NA,NA,NA,2,NA,NA,NA,NA,NA,NA,NA,NA,NA,NA,2,NA,NA,NA,NA,NA,NA,NA,NA,NA,NA,NA,1,2,3,0,1,24,NA,NA,2,1,1,2,1,1,0,0,0,0,0,1,0,1,0,0,1,0,1,0,2,0,1,1,0,0,1,1,1,0,0,0,1,0,0,0,1,1,0,1,0,2,24,54,NA,NA,NA,0,NA,NA,NA,77,12,NA,0,NA,0,0,0,NA,NA,NA,0,NA,NA,NA,0,0,NA,0,NA,NA,NA,0,NA,NA,NA,0,NA,NA,NA,NA,NA,NA,0,NA,0,0,0,0,0,0,2,0,0,0,0,0,0,2,0,171,0,0,1,1,1,3,8,2022,17,8,2022,2,NA,2,NA,1,1,1,1,2,NA,3285,NA,NA,NA,NA,24,0,NA,285,0,NA,640,0,0,NA,NA,NA,NA,NA,NA,NA,NA,NA,0,0,0,NA,NA,NA,NA,NA,NA,0,0,0,NA,NA,NA,NA,NA,NA,NA,923,0,NA,144,0,NA,NA,NA,NA,NA,NA,3285,24,285,640,NA,NA,NA,0,NA,NA,NA,923,144,NA,0,NA,0,NA,0,NA,0,0,NA,NA,NA,NA,NA,NA,0,0,NA,NA,NA,NA,NA,NA,0,NA,0,NA,NA,NA,0,0,NA,NA,1,0,0,0,0,0,188.995742797852,6637,0,1,"CENTRO POBLADO MENOR LA PECA",-78.434440612793,-5.61117649078369,901
"23",2022,8,5036,72,11,10206,7,5,3,3,20220820,1,1,2,NA,1,2,0,1,0,1,0,1,3,5,4,2,1,2,2,2,NA,189,1,1,2,NA,NA,NA,NA,NA,NA,NA,NA,NA,NA,2,NA,NA,NA,NA,NA,NA,NA,NA,NA,NA,2,NA,NA,NA,NA,NA,NA,NA,NA,NA,NA,2,NA,NA,NA,NA,NA,NA,NA,NA,NA,NA,NA,1,2,3,0,1,24,NA,NA,2,1,1,2,1,1,0,0,0,0,0,1,0,1,0,0,1,0,1,0,2,0,1,1,0,0,1,1,1,0,0,0,1,0,0,0,1,1,0,1,0,2,15,47,NA,NA,NA,0,NA,NA,NA,5,18,NA,0,NA,0,0,0,NA,NA,NA,0,NA,NA,NA,0,0,NA,0,NA,NA,NA,0,NA,NA,NA,0,NA,NA,NA,NA,NA,NA,0,NA,0,0,0,0,0,0,2,0,0,0,0,0,0,2,0,89,0,0,1,1,1,3,8,2022,17,8,2022,2,NA,2,NA,1,1,1,1,2,NA,2241,NA,NA,NA,NA,24,0,NA,178,0,NA,557,0,0,NA,NA,NA,NA,NA,NA,NA,NA,NA,0,0,0,NA,NA,NA,NA,NA,NA,0,0,0,NA,NA,NA,NA,NA,NA,NA,60,0,NA,216,0,NA,NA,NA,NA,NA,NA,2241,24,178,557,NA,NA,NA,0,NA,NA,NA,60,216,NA,0,NA,0,NA,0,NA,0,0,NA,NA,NA,NA,NA,NA,0,0,NA,NA,NA,NA,NA,NA,0,NA,0,NA,NA,NA,0,0,NA,NA,1,0,0,0,0,0,188.995742797852,6637,0,1,"CENTRO POBLADO MENOR LA PECA",-78.434440612793,-5.61117649078369,901
"24",2022,8,5036,89,11,10206,7,5,3,3,20220819,1,1,2,NA,1,1,0,1,0,1,0,1,3,5,4,1,0,2,2,1,99,NA,NA,NA,2,NA,NA,NA,NA,NA,NA,NA,NA,NA,NA,2,NA,NA,NA,NA,NA,NA,NA,NA,NA,NA,2,NA,NA,NA,NA,NA,NA,NA,NA,NA,NA,2,NA,NA,NA,NA,NA,NA,NA,NA,NA,NA,NA,1,2,3,0,1,24,NA,NA,1,1,1,2,4,1,0,0,0,0,0,1,0,1,0,0,0,0,0,0,2,0,1,0,1,0,1,1,1,0,0,0,0,0,0,0,1,0,1,0,0,2,15,55,NA,NA,NA,NA,NA,NA,NA,35,NA,85,NA,NA,0,0,0,NA,NA,NA,NA,NA,NA,NA,0,NA,0,NA,NA,NA,NA,0,NA,NA,NA,NA,NA,NA,NA,NA,NA,NA,NA,NA,0,0,0,0,0,0,0,0,0,0,0,0,0,0,0,194,0,0,1,1,1,4,8,2022,18,8,2022,2,NA,2,NA,1,1,1,1,2,1174,NA,NA,NA,NA,NA,24,0,NA,178,0,NA,652,0,0,NA,NA,NA,NA,NA,NA,NA,NA,NA,NA,NA,NA,NA,NA,NA,NA,NA,NA,NA,NA,NA,NA,NA,NA,NA,NA,NA,NA,420,0,NA,NA,NA,NA,1019,0,NA,NA,1174,NA,24,178,652,NA,NA,NA,NA,NA,NA,NA,420,NA,1019,NA,NA,0,NA,0,NA,0,0,NA,NA,NA,NA,NA,NA,NA,NA,NA,NA,NA,NA,NA,NA,0,NA,NA,NA,0,NA,NA,NA,NA,NA,4,0,0,0,0,0,188.995742797852,6637,0,1,"CENTRO POBLADO MENOR LA PECA",-78.434440612793,-5.61117649078369,901
"25",2022,9,5038,11,11,10701,7,4,2,3,20220910,1,1,2,NA,1,1,0,1,1,1,0,1,1,5,1,3,2,2,2,2,NA,370,1,2,2,NA,NA,NA,NA,NA,NA,NA,NA,NA,NA,2,NA,NA,NA,NA,NA,NA,NA,NA,NA,NA,2,NA,NA,NA,NA,NA,NA,NA,NA,NA,NA,2,NA,NA,NA,NA,NA,NA,NA,NA,NA,NA,NA,1,1,3,0,2,NA,3,2,2,3,1,1,1,1,0,0,0,0,0,1,0,1,0,0,1,0,0,0,2,0,1,1,0,0,1,1,1,0,0,0,1,0,0,0,1,1,0,0,0,7,58,49,NA,NA,NA,0,NA,NA,NA,20,10,NA,NA,NA,0,0,0,NA,NA,NA,0,NA,NA,NA,0,0,NA,NA,NA,NA,NA,0,NA,NA,NA,0,NA,NA,NA,NA,NA,NA,NA,NA,0,0,0,0,0,0,2,0,0,0,0,0,0,0,0,146,0,0,1,1,1,26,8,2022,9,9,2022,2,NA,2,NA,1,1,1,1,2,NA,4400,NA,NA,NA,NA,83,0,NA,690,0,NA,583,0,0,NA,NA,NA,NA,NA,NA,NA,NA,NA,0,0,0,NA,NA,NA,NA,NA,NA,NA,NA,NA,NA,NA,NA,NA,NA,NA,NA,236,0,NA,118,0,NA,NA,NA,NA,NA,NA,4400,83,690,583,NA,NA,NA,0,NA,NA,NA,236,118,NA,NA,NA,0,NA,0,NA,0,0,NA,NA,NA,NA,NA,NA,0,0,NA,NA,NA,NA,NA,NA,0,NA,0,NA,NA,NA,NA,NA,NA,NA,1,0,0,0,0,0,98.2130889892578,6668,0,1,"CIUDAD BAGUA GRANDE",-78.4435195922852,-5.75382280349731,438
"26",2022,9,5038,34,11,10701,7,4,2,3,20220911,1,1,2,NA,3,3,0,1,1,1,0,1,1,5,1,4,3,2,2,2,NA,462,3,NA,2,NA,NA,NA,NA,NA,NA,NA,NA,NA,NA,2,NA,NA,NA,NA,NA,NA,NA,NA,NA,NA,2,NA,NA,NA,NA,NA,NA,NA,NA,NA,NA,1,0,0,0,4,0,0,0,9,0,20000,2,1,1,1,1.20000004768372,2,NA,4,1,2,1,1,1,6,1,0,0,0,0,0,1,0,1,0,0,0,0,0,0,2,0,1,0,1,0,1,1,1,0,0,0,0,0,0,0,1,0,1,0,0,26,34,51,NA,NA,NA,NA,NA,NA,NA,105,NA,95,NA,NA,0,0,0,NA,NA,NA,NA,NA,NA,NA,0,NA,0,NA,NA,NA,NA,0,NA,NA,NA,NA,NA,NA,NA,NA,NA,NA,NA,NA,0,0,0,0,0,0,0,0,0,0,0,0,0,0,0,311,0,0,1,1,3,25,8,2022,8,9,2022,2,NA,2,NA,1,1,1,1,2,NA,5493,NA,NA,NA,20244,309,0,NA,404,0,NA,606,0,0,NA,NA,NA,NA,NA,NA,NA,NA,NA,NA,NA,NA,NA,NA,NA,NA,NA,NA,NA,NA,NA,NA,NA,NA,NA,NA,NA,NA,1240,0,NA,NA,NA,NA,1122,0,NA,NA,NA,5493,309,404,606,NA,NA,NA,NA,NA,NA,NA,1240,NA,1122,NA,NA,0,NA,0,NA,0,0,NA,NA,NA,NA,NA,NA,NA,NA,NA,NA,NA,NA,NA,NA,0,NA,NA,NA,0,NA,NA,NA,NA,NA,6,0,0,1,0,0,98.2130889892578,6668,0,1,"CIUDAD BAGUA GRANDE",-78.4435195922852,-5.75382280349731,438
"27",2022,9,5038,40,11,10701,7,4,2,3,20220909,1,1,2,NA,3,2,0,1,0,1,0,1,3,5,4,3,2,2,2,2,NA,370,2,NA,2,NA,NA,NA,NA,NA,NA,NA,NA,NA,NA,2,NA,NA,NA,NA,NA,NA,NA,NA,NA,NA,2,NA,NA,NA,NA,NA,NA,NA,NA,NA,NA,2,NA,NA,NA,NA,NA,NA,NA,NA,NA,NA,NA,1,1,1,0.800000011920929,2,NA,4,2,2,3,1,1,1,1,0,0,0,0,0,1,0,0,0,0,1,0,0,0,6,0,1,1,0,0,1,1,0,0,0,0,1,0,0,0,1,1,0,0,0,26,0,NA,NA,NA,NA,0,NA,NA,NA,20,0,NA,NA,NA,0,21,NA,NA,NA,NA,0,NA,NA,NA,0,20,NA,NA,NA,NA,NA,NA,NA,NA,NA,0,NA,NA,NA,NA,NA,NA,NA,NA,0,0,0,0,0,0,2,0,0,0,0,0,0,0,0,46,41,0,1,1,2,25,8,2022,8,9,2022,2,NA,1,20,1,1,1,1,2,NA,4400,NA,NA,NA,NA,309,0,NA,0,250,NA,NA,NA,NA,NA,NA,NA,NA,NA,NA,NA,NA,NA,0,0,0,NA,NA,NA,NA,NA,NA,NA,NA,NA,NA,NA,NA,NA,NA,NA,NA,236,0,NA,0,236,NA,NA,NA,NA,20,NA,4400,309,0,NA,NA,NA,NA,0,NA,NA,NA,236,0,NA,NA,NA,0,NA,250,NA,NA,NA,NA,NA,NA,NA,NA,NA,0,0,NA,NA,NA,NA,NA,NA,0,NA,236,NA,NA,NA,NA,NA,NA,NA,1,0,0,0,0,0,98.2130889892578,6668,0,1,"CIUDAD BAGUA GRANDE",-78.4435195922852,-5.75382280349731,438
"28",2022,9,5038,48,11,10701,7,4,2,3,20220910,1,1,2,NA,1,1,0,1,1,1,0,1,1,3,1,7,6,1,2,2,NA,99999,1,1,2,NA,NA,NA,NA,NA,NA,NA,NA,NA,NA,2,NA,NA,NA,NA,NA,NA,NA,NA,NA,NA,2,NA,NA,NA,NA,NA,NA,NA,NA,NA,NA,2,NA,NA,NA,NA,NA,NA,NA,NA,NA,NA,NA,1,1,3,0,2,NA,4,1,2,4,1,1,1,1,0,0,0,0,0,2,0,1,0,0,0,0,0,0,2,0,1,1,1,0,1,1,1,0,0,0,0,0,0,0,1,1,1,0,0,98,343,50,NA,NA,NA,NA,NA,NA,NA,48,20,10,NA,NA,0,0,0,NA,NA,NA,NA,NA,NA,NA,0,0,0,NA,NA,NA,NA,0,NA,NA,NA,NA,NA,NA,NA,NA,NA,NA,NA,NA,0,0,0,0,0,0,0,0,0,0,0,0,0,0,0,574,0,0,1,2,2,24,8,2022,7,9,2022,1,400,2,NA,2,2,2,2,2,NA,999999,NA,NA,NA,NA,1165,0,NA,4078,0,NA,595,0,0,NA,NA,NA,NA,NA,NA,NA,NA,NA,NA,NA,NA,NA,NA,NA,NA,NA,NA,NA,NA,NA,NA,NA,NA,405,NA,NA,NA,567,0,NA,236,0,NA,118,0,NA,NA,NA,3810,1165,4078,595,NA,NA,NA,NA,NA,NA,NA,567,236,118,NA,NA,0,NA,0,NA,0,0,NA,NA,NA,NA,NA,NA,NA,NA,NA,NA,NA,NA,NA,NA,0,NA,0,NA,0,NA,NA,NA,NA,NA,1,0,0,0,0,0,98.2130889892578,6668,0,1,"CIUDAD BAGUA GRANDE",-78.4435195922852,-5.75382280349731,438
"29",2022,3,5039,22,11,10701,7,4,3,3,20220319,1,1,1,10701,1,1,1,0,1,1,0,1,1,3,4,4,2,1,1,2,NA,694,1,1,2,NA,NA,NA,NA,NA,NA,NA,NA,NA,NA,2,NA,NA,NA,NA,NA,NA,NA,NA,NA,NA,2,NA,NA,NA,NA,NA,NA,NA,NA,NA,NA,2,NA,NA,NA,NA,NA,NA,NA,NA,NA,NA,NA,1,1,3,0,2,NA,3,2,1,5,1,1,1,1,0,0,0,0,0,1,1,1,0,0,0,0,0,0,2,1,1,1,1,0,1,1,1,0,0,0,0,0,0,1,1,1,1,0,0,27,88,88,NA,NA,NA,NA,NA,NA,30,55,35,110,NA,NA,0,0,0,NA,NA,NA,NA,NA,NA,0,0,0,0,NA,NA,NA,NA,0,NA,NA,NA,NA,NA,NA,NA,NA,NA,NA,NA,NA,0,0,0,0,0,0,0,0,0,0,0,0,0,0,0,433,0,0,1,1,1,4,3,2022,18,3,2022,1,75000,2,NA,1,1,1,1,2,NA,8368,NA,NA,NA,NA,326,0,NA,1061,0,NA,1061,0,0,NA,NA,NA,NA,NA,NA,NA,NA,NA,NA,NA,NA,NA,NA,NA,NA,NA,NA,NA,NA,NA,NA,NA,NA,79932,367,0,NA,672,0,NA,428,0,NA,1344,0,NA,NA,NA,8368,326,1061,1061,NA,NA,NA,NA,NA,NA,367,672,428,1344,NA,NA,0,NA,0,NA,0,0,NA,NA,NA,NA,NA,NA,NA,NA,NA,NA,NA,NA,0,NA,0,NA,0,NA,0,NA,NA,NA,NA,NA,1,0,0,0,0,0,94.9512100219727,6673,0,1,"CIUDAD BAGUA GRANDE",-78.4372100830078,-5.75542783737183,437
"30",2022,3,5039,83,11,10701,7,4,3,3,20220319,1,2,2,NA,1,1,1,0,1,1,0,1,1,5,1,2,1,1,1,1,247,NA,NA,NA,2,NA,NA,NA,NA,NA,NA,NA,NA,NA,NA,2,NA,NA,NA,NA,NA,NA,NA,NA,NA,NA,2,NA,NA,NA,NA,NA,NA,NA,NA,NA,NA,2,NA,NA,NA,NA,NA,NA,NA,NA,NA,NA,NA,1,1,3,0,2,NA,4,3,2,4,1,1,1,1,0,0,0,0,0,2,0,1,0,0,0,0,0,0,2,0,1,0,1,0,1,1,1,0,0,0,0,0,0,0,1,0,1,0,0,19,37,29,NA,NA,NA,NA,NA,NA,NA,30,NA,40,NA,NA,0,0,0,NA,NA,NA,NA,NA,NA,NA,0,NA,0,NA,NA,NA,NA,0,NA,NA,NA,NA,NA,NA,NA,NA,NA,NA,NA,NA,0,0,0,0,0,0,0,0,0,0,0,0,0,0,0,156,0,0,1,1,1,4,3,2022,18,3,2022,2,NA,2,NA,1,1,1,1,2,2978,NA,NA,NA,NA,NA,229,0,NA,446,0,NA,350,0,0,NA,NA,NA,NA,NA,NA,NA,NA,NA,NA,NA,NA,NA,NA,NA,NA,NA,NA,NA,NA,NA,NA,NA,NA,NA,NA,NA,NA,367,0,NA,NA,NA,NA,489,0,NA,NA,2978,NA,229,446,350,NA,NA,NA,NA,NA,NA,NA,367,NA,489,NA,NA,0,NA,0,NA,0,0,NA,NA,NA,NA,NA,NA,NA,NA,NA,NA,NA,NA,NA,NA,0,NA,NA,NA,0,NA,NA,NA,NA,NA,1,0,0,0,0,0,94.9512100219727,6673,0,1,"CIUDAD BAGUA GRANDE",-78.4372100830078,-5.75542783737183,437
"31",2022,3,5039,101,11,10701,7,4,3,3,20220318,1,1,2,NA,3,3,0,1,0,1,0,1,3,6,4,2,0,2,2,6,NA,138,NA,NA,2,NA,NA,NA,NA,NA,NA,NA,NA,NA,NA,2,NA,NA,NA,NA,NA,NA,NA,NA,NA,NA,2,NA,NA,NA,NA,NA,NA,NA,NA,NA,NA,2,NA,NA,NA,NA,NA,NA,NA,NA,NA,NA,NA,1,1,3,0,2,NA,4,3,2,3,1,1,1,1,0,0,0,0,0,1,0,1,0,0,0,0,0,0,2,0,1,0,0,0,1,1,1,0,0,0,0,0,0,0,1,0,0,0,0,19,19,58,NA,NA,NA,NA,NA,NA,NA,15,NA,NA,NA,NA,0,0,0,NA,NA,NA,NA,NA,NA,NA,0,NA,NA,NA,NA,NA,NA,0,NA,NA,NA,NA,NA,NA,NA,NA,NA,NA,NA,NA,0,0,0,0,0,0,0,0,0,0,0,0,0,0,0,113,0,0,1,1,1,3,3,2022,17,3,2022,2,NA,2,NA,1,1,1,1,2,NA,1664,NA,NA,NA,NA,229,0,NA,229,0,NA,699,0,0,NA,NA,NA,NA,NA,NA,NA,NA,NA,NA,NA,NA,NA,NA,NA,NA,NA,NA,NA,NA,NA,NA,NA,NA,NA,NA,NA,NA,183,0,NA,NA,NA,NA,NA,NA,NA,NA,NA,1664,229,229,699,NA,NA,NA,NA,NA,NA,NA,183,NA,NA,NA,NA,0,NA,0,NA,0,0,NA,NA,NA,NA,NA,NA,NA,NA,NA,NA,NA,NA,NA,NA,0,NA,NA,NA,NA,NA,NA,NA,NA,NA,1,0,0,0,0,0,94.9512100219727,6673,0,1,"CIUDAD BAGUA GRANDE",-78.4372100830078,-5.75542783737183,437
"32",2022,3,5039,114,11,10701,7,4,3,3,20220317,1,1,2,NA,3,1,0,1,0,1,0,1,3,5,4,2,1,2,2,2,NA,370,2,NA,2,NA,NA,NA,NA,NA,NA,NA,NA,NA,NA,2,NA,NA,NA,NA,NA,NA,NA,NA,NA,NA,2,NA,NA,NA,NA,NA,NA,NA,NA,NA,NA,2,NA,NA,NA,NA,NA,NA,NA,NA,NA,NA,NA,1,1,3,0,2,NA,4,3,2,4,1,1,1,1,0,0,0,0,0,2,0,1,0,0,1,0,0,0,2,0,1,1,1,0,1,1,1,0,0,0,1,0,0,0,1,1,1,0,0,14,49,38,NA,NA,NA,0,NA,NA,NA,20,30,10,NA,NA,0,0,0,NA,NA,NA,0,NA,NA,NA,0,0,0,NA,NA,NA,NA,0,NA,NA,NA,0,NA,NA,NA,NA,NA,NA,NA,NA,0,0,0,0,0,0,2,0,0,0,0,0,0,0,0,162,0,0,1,1,2,2,3,2022,16,3,2022,2,NA,2,NA,1,1,1,1,2,NA,4461,NA,NA,NA,NA,169,0,NA,591,0,NA,458,0,0,NA,NA,NA,NA,NA,NA,NA,NA,NA,0,0,0,NA,NA,NA,NA,NA,NA,NA,NA,NA,NA,NA,NA,NA,NA,NA,NA,244,0,NA,367,0,NA,122,0,NA,NA,NA,4461,169,591,458,NA,NA,NA,0,NA,NA,NA,244,367,122,NA,NA,0,NA,0,NA,0,0,NA,NA,NA,NA,NA,NA,0,0,NA,NA,NA,NA,NA,NA,0,NA,0,NA,0,NA,NA,NA,NA,NA,1,0,0,0,0,0,94.9512100219727,6673,0,1,"CIUDAD BAGUA GRANDE",-78.4372100830078,-5.75542783737183,437
"33",2022,5,5045,4,11,10701,7,4,1,3,20220505,1,2,2,NA,3,1,0,1,0,1,0,1,3,5,4,3,2,2,2,6,NA,277,NA,NA,2,NA,NA,NA,NA,NA,NA,NA,NA,NA,NA,2,NA,NA,NA,NA,NA,NA,NA,NA,NA,NA,2,NA,NA,NA,NA,NA,NA,NA,NA,NA,NA,2,NA,NA,NA,NA,NA,NA,NA,NA,NA,NA,NA,1,1,3,0,2,NA,3,2,1,3,1,1,1,1,0,0,0,0,0,1,0,1,0,0,0,0,0,0,2,0,1,0,0,0,1,1,1,0,0,0,0,0,0,0,1,0,0,0,0,25,5,28,NA,NA,NA,NA,NA,NA,NA,25,NA,NA,NA,NA,0,0,0,NA,NA,NA,NA,NA,NA,NA,0,NA,NA,NA,NA,NA,NA,0,NA,NA,NA,NA,NA,NA,NA,NA,NA,NA,NA,NA,0,0,0,0,0,0,0,0,0,0,0,0,0,0,0,85,0,0,1,1,1,20,4,2022,4,5,2022,2,NA,2,NA,1,1,1,1,2,NA,3326,NA,NA,NA,NA,300,0,NA,60,0,NA,336,0,0,NA,NA,NA,NA,NA,NA,NA,NA,NA,NA,NA,NA,NA,NA,NA,NA,NA,NA,NA,NA,NA,NA,NA,NA,NA,NA,NA,NA,302,0,NA,NA,NA,NA,NA,NA,NA,NA,NA,3326,300,60,336,NA,NA,NA,NA,NA,NA,NA,302,NA,NA,NA,NA,0,NA,0,NA,0,0,NA,NA,NA,NA,NA,NA,NA,NA,NA,NA,NA,NA,NA,NA,0,NA,NA,NA,NA,NA,NA,NA,NA,NA,1,0,0,0,0,0,161.014282226563,6699,0,1,"CIUDAD BAGUA GRANDE",-78.4456558227539,-5.76538181304932,500
"34",2022,5,5045,13,11,10701,7,4,1,3,20220505,1,1,2,NA,3,3,0,1,0,1,0,1,3,6,4,4,1,2,2,2,NA,92,1,1,2,NA,NA,NA,NA,NA,NA,NA,NA,NA,NA,2,NA,NA,NA,NA,NA,NA,NA,NA,NA,NA,2,NA,NA,NA,NA,NA,NA,NA,NA,NA,NA,2,NA,NA,NA,NA,NA,NA,NA,NA,NA,NA,NA,1,1,3,0,2,NA,3,2,1,3,1,1,1,1,0,0,0,0,0,1,0,1,0,0,0,0,0,0,2,0,1,1,0,0,1,1,1,0,0,0,0,0,0,0,1,1,0,0,0,24,50,54,NA,NA,NA,NA,NA,NA,NA,75,40,NA,NA,NA,0,0,0,NA,NA,NA,NA,NA,NA,NA,0,0,NA,NA,NA,NA,NA,0,NA,NA,NA,NA,NA,NA,NA,NA,NA,NA,NA,NA,0,0,0,0,0,0,0,0,0,0,0,0,0,0,0,244,0,0,1,2,2,19,4,2022,3,5,2022,2,NA,2,NA,2,2,2,2,2,NA,1105,NA,NA,NA,NA,288,0,NA,600,0,NA,648,0,0,NA,NA,NA,NA,NA,NA,NA,NA,NA,NA,NA,NA,NA,NA,NA,NA,NA,NA,NA,NA,NA,NA,NA,NA,NA,NA,NA,NA,906,0,NA,483,0,NA,NA,NA,NA,NA,NA,1105,288,600,648,NA,NA,NA,NA,NA,NA,NA,906,483,NA,NA,NA,0,NA,0,NA,0,0,NA,NA,NA,NA,NA,NA,NA,NA,NA,NA,NA,NA,NA,NA,0,NA,0,NA,NA,NA,NA,NA,NA,NA,1,0,0,0,0,0,161.014282226563,6699,0,1,"CIUDAD BAGUA GRANDE",-78.4456558227539,-5.76538181304932,500
"35",2022,5,5045,33,11,10701,7,4,1,3,20220506,1,1,1,30101,3,1,0,1,0,1,0,1,3,5,4,4,2,2,2,2,NA,92,1,2,2,NA,NA,NA,NA,NA,NA,NA,NA,NA,NA,2,NA,NA,NA,NA,NA,NA,NA,NA,NA,NA,2,NA,NA,NA,NA,NA,NA,NA,NA,NA,NA,2,NA,NA,NA,NA,NA,NA,NA,NA,NA,NA,NA,1,2,3,0,2,NA,3,2,1,3,1,1,1,1,0,0,0,0,0,1,0,1,0,0,1,0,1,0,6,0,1,0,1,0,1,1,1,0,0,0,1,0,0,0,1,0,1,1,0,18,41,16,NA,NA,NA,14,NA,NA,NA,40,NA,40,0,NA,0,0,0,NA,NA,NA,0,NA,NA,NA,0,NA,0,0,NA,NA,NA,0,NA,NA,NA,0,NA,NA,NA,NA,NA,NA,0,NA,0,0,0,0,0,0,0,0,0,0,0,0,0,2,0,171,0,0,1,2,2,21,4,2022,5,5,2022,2,NA,2,NA,2,2,2,2,2,NA,1105,NA,NA,NA,NA,216,0,NA,492,0,NA,192,0,0,NA,NA,NA,NA,NA,NA,NA,NA,NA,168,0,0,NA,NA,NA,NA,NA,NA,0,0,0,NA,NA,NA,NA,NA,NA,NA,483,0,NA,NA,NA,NA,483,0,NA,NA,NA,1105,216,492,192,NA,NA,NA,168,NA,NA,NA,483,NA,483,0,NA,0,NA,0,NA,0,0,NA,NA,NA,NA,NA,NA,0,0,NA,NA,NA,NA,NA,NA,0,NA,NA,NA,0,NA,0,0,NA,NA,1,0,0,0,0,0,161.014282226563,6699,0,1,"CIUDAD BAGUA GRANDE",-78.4456558227539,-5.76538181304932,500
"36",2022,5,5045,40,11,10701,7,4,1,3,20220505,1,1,2,NA,3,3,0,1,0,1,0,1,3,5,4,3,1,2,2,1,148,NA,NA,NA,2,NA,NA,NA,NA,NA,NA,NA,NA,NA,NA,2,NA,NA,NA,NA,NA,NA,NA,NA,NA,NA,2,NA,NA,NA,NA,NA,NA,NA,NA,NA,NA,2,NA,NA,NA,NA,NA,NA,NA,NA,NA,NA,NA,1,1,3,0,2,NA,3,1,1,3,1,1,1,1,0,0,0,0,0,2,0,1,0,0,0,0,0,0,2,0,1,1,1,0,1,1,1,0,0,0,0,0,0,0,1,1,1,0,0,27,50,39,NA,NA,NA,NA,NA,NA,NA,15,40,15,NA,NA,0,0,0,NA,NA,NA,NA,NA,NA,NA,0,0,0,NA,NA,NA,NA,0,NA,NA,NA,NA,NA,NA,NA,NA,NA,NA,NA,NA,0,0,0,0,0,0,0,0,0,0,0,0,0,0,0,188,0,0,1,2,2,20,4,2022,4,5,2022,2,NA,2,NA,2,2,2,2,2,1777,NA,NA,NA,NA,NA,324,0,NA,600,0,NA,468,0,0,NA,NA,NA,NA,NA,NA,NA,NA,NA,NA,NA,NA,NA,NA,NA,NA,NA,NA,NA,NA,NA,NA,NA,NA,NA,NA,NA,NA,181,0,NA,483,0,NA,181,0,NA,NA,1777,NA,324,600,468,NA,NA,NA,NA,NA,NA,NA,181,483,181,NA,NA,0,NA,0,NA,0,0,NA,NA,NA,NA,NA,NA,NA,NA,NA,NA,NA,NA,NA,NA,0,NA,0,NA,0,NA,NA,NA,NA,NA,1,0,0,0,0,0,161.014282226563,6699,0,1,"CIUDAD BAGUA GRANDE",-78.4456558227539,-5.76538181304932,500
"37",2022,5,5045,47,11,10701,7,4,1,3,20220518,1,1,1,60801,3,3,0,1,0,1,0,1,1,3,1,2,1,2,2,2,NA,462,1,1,2,NA,NA,NA,NA,NA,NA,NA,NA,NA,NA,2,NA,NA,NA,NA,NA,NA,NA,NA,NA,NA,1,0,0,0,0,0,0,0,9,0,70000,2,NA,NA,NA,NA,NA,NA,NA,NA,NA,NA,2,1,2,3,0,2,NA,3,2,1,3,1,1,1,1,0,0,0,0,0,2,0,1,0,0,0,0,0,0,2,0,1,1,1,0,1,1,1,0,0,0,0,0,0,0,1,1,1,0,0,43,74,142,NA,NA,NA,NA,NA,NA,NA,65,50,95,NA,NA,0,0,0,NA,NA,NA,NA,NA,NA,NA,0,0,0,NA,NA,NA,NA,0,NA,NA,NA,NA,NA,NA,NA,NA,NA,NA,NA,NA,0,0,0,0,0,0,0,0,0,0,0,0,0,0,0,470,0,0,1,2,2,27,4,2022,11,5,2022,2,NA,2,NA,2,2,2,2,2,NA,5547,NA,NA,73162,NA,516,0,NA,888,0,NA,1705,0,0,NA,NA,NA,NA,NA,NA,NA,NA,NA,NA,NA,NA,NA,NA,NA,NA,NA,NA,NA,NA,NA,NA,NA,NA,NA,NA,NA,NA,785,0,NA,604,0,NA,1148,0,NA,NA,NA,5547,516,888,1705,NA,NA,NA,NA,NA,NA,NA,785,604,1148,NA,NA,0,NA,0,NA,0,0,NA,NA,NA,NA,NA,NA,NA,NA,NA,NA,NA,NA,NA,NA,0,NA,0,NA,0,NA,NA,NA,NA,NA,1,0,0,0,0,0,161.014282226563,6699,0,1,"CIUDAD BAGUA GRANDE",-78.4456558227539,-5.76538181304932,500
"38",2022,5,5045,56,11,10701,7,4,1,3,20220507,1,1,2,NA,3,1,0,1,0,1,0,1,3,5,4,3,1,2,2,2,NA,92,1,2,2,NA,NA,NA,NA,NA,NA,NA,NA,NA,NA,2,NA,NA,NA,NA,NA,NA,NA,NA,NA,NA,2,NA,NA,NA,NA,NA,NA,NA,NA,NA,NA,2,NA,NA,NA,NA,NA,NA,NA,NA,NA,NA,NA,1,1,3,0,2,NA,3,2,1,3,1,1,1,1,0,0,0,0,0,1,0,1,0,0,1,0,1,0,6,0,1,1,1,0,1,1,1,0,0,0,1,0,0,0,1,1,1,1,0,19,14,38,NA,NA,NA,0,NA,NA,NA,30,40,10,0,NA,0,0,0,NA,NA,NA,0,NA,NA,NA,0,0,0,0,NA,NA,NA,0,NA,NA,NA,0,NA,NA,NA,NA,NA,NA,0,NA,0,0,0,0,0,0,2,0,0,0,0,0,0,2,0,152,0,0,1,1,1,22,4,2022,6,5,2022,2,NA,2,NA,1,1,1,1,2,NA,1105,NA,NA,NA,NA,228,0,NA,168,0,NA,456,0,0,NA,NA,NA,NA,NA,NA,NA,NA,NA,0,0,0,NA,NA,NA,NA,NA,NA,0,0,0,NA,NA,NA,NA,NA,NA,NA,363,0,NA,483,0,NA,121,0,NA,NA,NA,1105,228,168,456,NA,NA,NA,0,NA,NA,NA,363,483,121,0,NA,0,NA,0,NA,0,0,NA,NA,NA,NA,NA,NA,0,0,NA,NA,NA,NA,NA,NA,0,NA,0,NA,0,NA,0,0,NA,NA,1,0,0,0,0,0,161.014282226563,6699,0,1,"CIUDAD BAGUA GRANDE",-78.4456558227539,-5.76538181304932,500
"39",2022,1,5049,3,11,10701,7,4,2,3,20220115,1,1,1,150103,2,2,0,1,0,1,0,1,4,5,4,8,3,2,2,2,NA,46,1,2,2,NA,NA,NA,NA,NA,NA,NA,NA,NA,NA,2,NA,NA,NA,NA,NA,NA,NA,NA,NA,NA,2,NA,NA,NA,NA,NA,NA,NA,NA,NA,NA,2,NA,NA,NA,NA,NA,NA,NA,NA,NA,NA,NA,1,1,3,0,1,24,NA,NA,1,1,2,NA,4,1,0,0,0,0,0,1,0,1,0,0,1,0,1,0,6,0,1,0,1,0,1,1,1,0,0,0,1,0,0,0,1,0,1,1,0,0,19,107,NA,NA,NA,0,NA,NA,NA,50,NA,50,0,NA,0,0,0,NA,NA,NA,0,NA,NA,NA,0,NA,0,0,NA,NA,NA,0,NA,NA,NA,50,NA,NA,NA,NA,NA,NA,0,NA,3,0,0,0,0,0,0,0,0,0,0,0,0,2,0,227,0,51,1,2,2,31,12,2021,14,1,2022,2,NA,2,NA,2,2,2,2,2,NA,561,NA,NA,NA,NA,0,0,NA,232,0,NA,1304,0,0,NA,NA,NA,NA,NA,NA,NA,NA,NA,0,0,609,NA,NA,NA,NA,NA,NA,0,0,0,NA,NA,NA,NA,NA,NA,NA,604,0,NA,NA,NA,NA,604,0,NA,NA,NA,561,157,232,1304,NA,NA,NA,0,NA,NA,NA,604,NA,604,0,NA,0,NA,0,NA,0,0,NA,NA,NA,NA,NA,NA,0,609,NA,NA,NA,NA,NA,NA,0,NA,NA,NA,0,NA,0,0,NA,NA,4,0,0,0,0,0,158.351348876953,6719,0,26,"CENTRO POBLADO MENOR BUENA VISTA",-78.4969253540039,-5.85542249679565,1649
"40",2022,1,5049,9,11,10701,7,4,2,3,20220131,1,2,1,140101,3,3,0,1,0,1,0,1,1,6,4,2,2,2,2,2,NA,46,1,2,2,NA,NA,NA,NA,NA,NA,NA,NA,NA,NA,2,NA,NA,NA,NA,NA,NA,NA,NA,NA,NA,2,NA,NA,NA,NA,NA,NA,NA,NA,NA,NA,2,NA,NA,NA,NA,NA,NA,NA,NA,NA,NA,NA,1,1,3,0,1,24,NA,NA,1,1,2,NA,4,1,0,0,0,0,0,1,0,0,0,0,0,0,0,1,NA,0,1,0,0,0,1,1,0,0,0,0,0,0,0,0,1,0,0,0,0,0,19,NA,NA,NA,NA,NA,NA,NA,NA,20,NA,NA,NA,NA,0,0,NA,NA,NA,NA,NA,NA,NA,NA,0,NA,NA,NA,NA,NA,NA,NA,NA,NA,NA,NA,NA,NA,NA,NA,NA,NA,NA,NA,3,0,0,0,0,0,0,0,0,0,0,0,0,0,0,39,0,0,1,3,3,1,1,2022,15,1,2022,2,NA,2,NA,1,1,1,3,2,NA,561,NA,NA,NA,NA,0,0,NA,232,0,NA,NA,NA,NA,NA,NA,NA,NA,NA,NA,NA,NA,NA,NA,NA,NA,NA,NA,NA,NA,NA,NA,NA,NA,NA,NA,NA,NA,NA,NA,NA,NA,242,0,NA,NA,NA,NA,NA,NA,NA,NA,NA,561,292,232,NA,NA,NA,NA,NA,NA,NA,NA,242,NA,NA,NA,NA,0,NA,0,NA,NA,NA,NA,NA,NA,NA,NA,NA,NA,NA,NA,NA,NA,NA,NA,NA,0,NA,NA,NA,NA,NA,NA,NA,NA,NA,4,0,0,0,0,0,158.351348876953,6719,0,26,"CENTRO POBLADO MENOR BUENA VISTA",-78.4969253540039,-5.85542249679565,1649
"41",2022,1,5049,19,11,10701,7,4,2,3,20220116,1,1,2,NA,3,3,0,0,0,0,1,1,4,6,4,2,1,2,2,2,NA,27,1,2,2,NA,NA,NA,NA,NA,NA,NA,NA,NA,NA,2,NA,NA,NA,NA,NA,NA,NA,NA,NA,NA,2,NA,NA,NA,NA,NA,NA,NA,NA,NA,NA,2,NA,NA,NA,NA,NA,NA,NA,NA,NA,NA,NA,1,1,3,0,1,24,NA,NA,1,3,2,NA,4,1,0,0,0,0,0,2,0,0,0,0,1,0,1,0,6,0,1,0,0,0,1,1,0,0,0,0,1,0,0,0,1,0,0,1,0,0,8,NA,NA,NA,NA,0,NA,NA,NA,5,NA,NA,0,NA,0,0,NA,NA,NA,NA,0,NA,NA,NA,0,NA,NA,0,NA,NA,NA,NA,NA,NA,NA,58,NA,NA,NA,NA,NA,NA,0,NA,3,0,0,0,0,0,0,0,0,0,0,0,0,2,0,13,0,59,1,1,2,1,1,2022,15,1,2022,2,NA,2,NA,1,1,1,1,2,NA,329,NA,NA,NA,NA,0,0,NA,97,0,NA,NA,NA,NA,NA,NA,NA,NA,NA,NA,NA,NA,NA,0,0,707,NA,NA,NA,NA,NA,NA,0,0,0,NA,NA,NA,NA,NA,NA,NA,60,0,NA,NA,NA,NA,NA,NA,NA,NA,NA,329,108.5,97,NA,NA,NA,NA,0,NA,NA,NA,60,NA,NA,0,NA,0,NA,0,NA,NA,NA,NA,NA,NA,NA,NA,NA,0,707,NA,NA,NA,NA,NA,NA,0,NA,NA,NA,NA,NA,0,0,NA,NA,4,0,0,0,0,0,158.351348876953,6719,0,26,"CENTRO POBLADO MENOR BUENA VISTA",-78.4969253540039,-5.85542249679565,1649
"42",2022,1,5049,24,11,10701,7,4,2,3,20220116,1,1,2,NA,2,2,0,0,0,0,1,1,3,5,4,1,0,2,2,2,NA,35,1,2,2,NA,NA,NA,NA,NA,NA,NA,NA,NA,NA,2,NA,NA,NA,NA,NA,NA,NA,NA,NA,NA,2,NA,NA,NA,NA,NA,NA,NA,NA,NA,NA,2,NA,NA,NA,NA,NA,NA,NA,NA,NA,NA,NA,1,1,3,0,1,24,NA,NA,1,1,2,NA,4,1,0,0,0,0,0,1,0,0,0,0,1,0,1,0,6,0,1,0,0,0,1,1,0,0,0,0,1,0,0,0,1,0,0,1,0,0,9,NA,NA,NA,NA,0,NA,NA,NA,15,NA,NA,0,NA,0,0,NA,NA,NA,NA,0,NA,NA,NA,0,NA,NA,0,NA,NA,NA,NA,NA,NA,NA,47,NA,NA,NA,NA,NA,NA,0,NA,3,0,0,0,0,0,0,0,0,0,0,0,0,2,0,24,0,47,1,1,2,1,1,2022,15,1,2022,2,NA,2,NA,1,1,2,1,2,NA,427,NA,NA,NA,NA,0,0,NA,110,0,NA,NA,NA,NA,NA,NA,NA,NA,NA,NA,NA,NA,NA,0,0,573,NA,NA,NA,NA,NA,NA,0,0,0,NA,NA,NA,NA,NA,NA,NA,181,0,NA,NA,NA,NA,NA,NA,NA,NA,NA,427,157,110,NA,NA,NA,NA,0,NA,NA,NA,181,NA,NA,0,NA,0,NA,0,NA,NA,NA,NA,NA,NA,NA,NA,NA,0,573,NA,NA,NA,NA,NA,NA,0,NA,NA,NA,NA,NA,0,0,NA,NA,4,0,1,0,0,0,158.351348876953,6719,0,26,"CENTRO POBLADO MENOR BUENA VISTA",-78.4969253540039,-5.85542249679565,1649
"43",2022,1,5049,28,11,10701,7,4,2,3,20220114,1,1,2,NA,3,3,0,1,0,0,0,1,3,6,4,4,1,2,2,2,NA,55,1,2,2,NA,NA,NA,NA,NA,NA,NA,NA,NA,NA,2,NA,NA,NA,NA,NA,NA,NA,NA,NA,NA,2,NA,NA,NA,NA,NA,NA,NA,NA,NA,NA,2,NA,NA,NA,NA,NA,NA,NA,NA,NA,NA,NA,1,1,3,0,1,24,NA,NA,1,1,2,NA,7,1,0,0,0,0,0,1,0,0,0,0,1,0,1,0,6,0,0,0,0,1,1,1,0,0,0,0,1,0,0,0,0,0,0,1,0,0,0,NA,NA,NA,NA,0,NA,NA,NA,NA,NA,NA,0,NA,0,8,NA,NA,NA,NA,23,NA,NA,NA,NA,NA,NA,0,NA,NA,NA,NA,NA,NA,NA,0,NA,NA,NA,NA,NA,NA,0,NA,3,0,0,0,0,0,0,0,0,0,0,0,0,2,0,0,32,0,1,1,1,30,12,2021,13,1,2022,2,NA,2,NA,1,1,1,1,2,NA,670,NA,NA,NA,NA,0,0,NA,0,97,NA,NA,NA,NA,NA,NA,NA,NA,NA,NA,NA,NA,NA,0,280,0,NA,NA,NA,NA,NA,NA,0,0,0,NA,NA,NA,NA,NA,NA,NA,NA,NA,NA,NA,NA,NA,NA,NA,NA,NA,NA,670,108.5,0,NA,NA,NA,NA,0,NA,NA,NA,NA,NA,NA,0,NA,0,NA,97,NA,NA,NA,NA,NA,NA,NA,NA,NA,280,0,NA,NA,NA,NA,NA,NA,NA,NA,NA,NA,NA,NA,0,0,NA,NA,10,0,0,0,0,0,158.351348876953,6719,0,26,"CENTRO POBLADO MENOR BUENA VISTA",-78.4969253540039,-5.85542249679565,1649
"44",2022,1,5049,35,11,10701,7,4,2,3,20220115,1,1,2,NA,2,3,0,1,0,1,0,1,4,6,4,2,1,2,2,2,NA,51,2,NA,2,NA,NA,NA,NA,NA,NA,NA,NA,NA,NA,2,NA,NA,NA,NA,NA,NA,NA,NA,NA,NA,2,NA,NA,NA,NA,NA,NA,NA,NA,NA,NA,2,NA,NA,NA,NA,NA,NA,NA,NA,NA,NA,NA,1,1,3,0,1,24,NA,NA,1,1,2,NA,4,1,0,0,0,0,0,1,0,0,0,0,1,0,1,0,6,0,1,0,0,0,1,1,0,0,0,0,1,0,0,0,1,0,0,1,0,0,8,NA,NA,NA,NA,0,NA,NA,NA,10,NA,NA,0,NA,0,0,NA,NA,NA,NA,19,NA,NA,NA,0,NA,NA,0,NA,NA,NA,NA,NA,NA,NA,19,NA,NA,NA,NA,NA,NA,0,NA,3,0,0,0,0,0,0,0,0,0,0,0,0,2,0,18,19,19,1,1,2,31,12,2021,14,1,2022,2,NA,2,NA,1,1,1,1,2,NA,622,NA,NA,NA,NA,0,0,NA,97,0,NA,NA,NA,NA,NA,NA,NA,NA,NA,NA,NA,NA,NA,0,232,232,NA,NA,NA,NA,NA,NA,0,0,0,NA,NA,NA,NA,NA,NA,NA,121,0,NA,NA,NA,NA,NA,NA,NA,NA,NA,622,157,97,NA,NA,NA,NA,0,NA,NA,NA,121,NA,NA,0,NA,0,NA,0,NA,NA,NA,NA,NA,NA,NA,NA,NA,232,232,NA,NA,NA,NA,NA,NA,0,NA,NA,NA,NA,NA,0,0,NA,NA,4,0,0,0,0,0,158.351348876953,6719,0,26,"CENTRO POBLADO MENOR BUENA VISTA",-78.4969253540039,-5.85542249679565,1649
"45",2022,2,5061,10,11,10502,4,5,3,3,20220217,1,1,2,NA,3,3,0,1,0,1,0,1,4,6,4,3,2,2,2,2,NA,111,2,NA,2,NA,NA,NA,NA,NA,NA,NA,NA,NA,NA,2,NA,NA,NA,NA,NA,NA,NA,NA,NA,NA,2,NA,NA,NA,NA,NA,NA,NA,NA,NA,NA,2,NA,NA,NA,NA,NA,NA,NA,NA,NA,NA,NA,1,2,3,0,1,24,NA,NA,1,1,2,NA,1,1,0,0,0,0,0,1,0,1,0,0,1,0,0,0,6,0,1,0,0,0,1,1,1,0,0,0,1,0,0,0,1,0,0,0,0,0,7,73,NA,NA,NA,0,NA,NA,NA,14,NA,NA,NA,NA,0,0,0,NA,NA,NA,0,NA,NA,NA,0,NA,NA,NA,NA,NA,NA,0,NA,NA,NA,0,NA,NA,NA,NA,NA,NA,NA,NA,3,0,0,0,0,0,2,0,0,0,0,0,0,0,0,96,0,0,1,2,2,2,2,2022,16,2,2022,2,NA,2,NA,2,2,2,2,2,NA,1337,NA,NA,NA,NA,0,0,NA,84,0,NA,879,0,0,NA,NA,NA,NA,NA,NA,NA,NA,NA,0,0,0,NA,NA,NA,NA,NA,NA,NA,NA,NA,NA,NA,NA,NA,NA,NA,NA,169,0,NA,NA,NA,NA,NA,NA,NA,NA,NA,1337,157,84,879,NA,NA,NA,0,NA,NA,NA,169,NA,NA,NA,NA,0,NA,0,NA,0,0,NA,NA,NA,NA,NA,NA,0,0,NA,NA,NA,NA,NA,NA,0,NA,NA,NA,NA,NA,NA,NA,NA,NA,1,0,0,0,0,0,304.264739990234,6939,0,1,"PUEBLO CAMPORREDONDO",-78.3233642578125,-6.216224193573,1637
"46",2022,2,5061,22,11,10502,4,5,3,3,20220218,1,1,2,NA,1,1,0,1,0,1,0,1,4,4,4,4,1,2,2,2,NA,46,2,NA,2,NA,NA,NA,NA,NA,NA,NA,NA,NA,NA,2,NA,NA,NA,NA,NA,NA,NA,NA,NA,NA,2,NA,NA,NA,NA,NA,NA,NA,NA,NA,NA,2,NA,NA,NA,NA,NA,NA,NA,NA,NA,NA,NA,1,2,3,0,1,24,NA,NA,1,1,2,NA,1,1,0,0,0,0,0,1,0,1,0,0,1,0,0,0,2,0,1,0,0,0,1,1,1,0,0,0,1,0,0,0,1,0,0,0,0,0,5,59,NA,NA,NA,5,NA,NA,NA,10,NA,NA,NA,NA,0,0,0,NA,NA,NA,0,NA,NA,NA,0,NA,NA,NA,NA,NA,NA,0,NA,NA,NA,0,NA,NA,NA,NA,NA,NA,NA,NA,3,0,0,0,0,0,0,0,0,0,0,0,0,0,0,82,0,0,1,1,1,2,2,2022,16,2,2022,2,NA,2,NA,1,1,1,1,2,NA,554,NA,NA,NA,NA,0,0,NA,60,0,NA,710,0,0,NA,NA,NA,NA,NA,NA,NA,NA,NA,60,0,0,NA,NA,NA,NA,NA,NA,NA,NA,NA,NA,NA,NA,NA,NA,NA,NA,121,0,NA,NA,NA,NA,NA,NA,NA,NA,NA,554,108.5,60,710,NA,NA,NA,60,NA,NA,NA,121,NA,NA,NA,NA,0,NA,0,NA,0,0,NA,NA,NA,NA,NA,NA,0,0,NA,NA,NA,NA,NA,NA,0,NA,NA,NA,NA,NA,NA,NA,NA,NA,1,0,0,0,0,0,304.264739990234,6939,0,1,"PUEBLO CAMPORREDONDO",-78.3233642578125,-6.216224193573,1637
"47",2022,2,5061,34,11,10502,4,5,3,3,20220218,1,1,2,NA,3,1,0,0,0,0,1,1,4,5,4,6,1,2,2,2,NA,55,1,2,2,NA,NA,NA,NA,NA,NA,NA,NA,NA,NA,2,NA,NA,NA,NA,NA,NA,NA,NA,NA,NA,2,NA,NA,NA,NA,NA,NA,NA,NA,NA,NA,2,NA,NA,NA,NA,NA,NA,NA,NA,NA,NA,NA,1,2,3,0,1,24,NA,NA,1,1,2,NA,1,1,0,0,0,0,0,1,0,1,0,0,1,0,0,0,6,0,1,1,0,0,1,1,1,0,0,0,1,0,0,0,1,1,0,0,0,0,24,39,NA,NA,NA,0,NA,NA,NA,15,25,NA,NA,NA,0,0,0,NA,NA,NA,0,NA,NA,NA,0,0,NA,NA,NA,NA,NA,0,NA,NA,NA,58,NA,NA,NA,NA,NA,NA,NA,NA,3,0,0,0,0,0,0,0,0,0,0,0,0,0,0,103,0,59,1,2,2,3,2,2022,17,2,2022,2,NA,2,NA,2,2,2,2,2,NA,662,NA,NA,NA,NA,0,0,NA,289,0,NA,470,0,0,NA,NA,NA,NA,NA,NA,NA,NA,NA,0,0,698,NA,NA,NA,NA,NA,NA,NA,NA,NA,NA,NA,NA,NA,NA,NA,NA,181,0,NA,302,0,NA,NA,NA,NA,NA,NA,662,157,289,470,NA,NA,NA,0,NA,NA,NA,181,302,NA,NA,NA,0,NA,0,NA,0,0,NA,NA,NA,NA,NA,NA,0,698,NA,NA,NA,NA,NA,NA,0,NA,0,NA,NA,NA,NA,NA,NA,NA,1,0,0,0,0,0,304.264739990234,6939,0,1,"PUEBLO CAMPORREDONDO",-78.3233642578125,-6.216224193573,1637
"48",2022,2,5061,70,11,10502,4,5,3,3,20220219,1,1,2,NA,3,1,0,1,0,1,0,1,4,5,4,3,1,2,2,6,NA,33,NA,NA,2,NA,NA,NA,NA,NA,NA,NA,NA,NA,NA,2,NA,NA,NA,NA,NA,NA,NA,NA,NA,NA,2,NA,NA,NA,NA,NA,NA,NA,NA,NA,NA,2,NA,NA,NA,NA,NA,NA,NA,NA,NA,NA,NA,1,2,3,0,1,24,NA,NA,1,1,2,NA,1,1,0,0,0,0,0,1,0,1,0,0,0,0,0,0,2,0,1,1,1,0,1,1,1,0,0,0,0,0,0,0,1,1,1,0,0,0,13,61,NA,NA,NA,NA,NA,NA,NA,25,25,15,NA,NA,0,0,0,NA,NA,NA,NA,NA,NA,NA,0,0,0,NA,NA,NA,NA,0,NA,NA,NA,NA,NA,NA,NA,NA,NA,NA,NA,NA,3,0,0,0,0,0,0,0,0,0,0,0,0,0,0,140,0,0,1,2,2,3,2,2022,17,2,2022,2,NA,2,NA,2,2,2,2,2,NA,397,NA,NA,NA,NA,0,0,NA,157,0,NA,735,0,0,NA,NA,NA,NA,NA,NA,NA,NA,NA,NA,NA,NA,NA,NA,NA,NA,NA,NA,NA,NA,NA,NA,NA,NA,NA,NA,NA,NA,302,0,NA,302,0,NA,181,0,NA,NA,NA,397,157,157,735,NA,NA,NA,NA,NA,NA,NA,302,302,181,NA,NA,0,NA,0,NA,0,0,NA,NA,NA,NA,NA,NA,NA,NA,NA,NA,NA,NA,NA,NA,0,NA,0,NA,0,NA,NA,NA,NA,NA,1,0,0,0,0,0,304.264739990234,6939,0,1,"PUEBLO CAMPORREDONDO",-78.3233642578125,-6.216224193573,1637
"49",2022,2,5061,83,11,10502,4,5,3,3,20220218,1,1,2,NA,3,3,0,1,0,1,0,1,4,6,4,3,2,2,2,6,NA,92,NA,NA,2,NA,NA,NA,NA,NA,NA,NA,NA,NA,NA,2,NA,NA,NA,NA,NA,NA,NA,NA,NA,NA,2,NA,NA,NA,NA,NA,NA,NA,NA,NA,NA,2,NA,NA,NA,NA,NA,NA,NA,NA,NA,NA,NA,1,1,3,0,1,24,NA,NA,2,1,2,NA,1,1,0,0,0,0,0,1,0,1,0,0,1,0,0,0,2,0,1,0,0,0,1,1,1,0,0,0,1,0,0,0,1,0,0,0,0,0,7,63,NA,NA,NA,0,NA,NA,NA,20,NA,NA,NA,NA,0,0,0,NA,NA,NA,0,NA,NA,NA,0,NA,NA,NA,NA,NA,NA,0,NA,NA,NA,0,NA,NA,NA,NA,NA,NA,NA,NA,3,0,0,0,0,0,2,0,0,0,0,0,0,0,0,92,0,0,1,1,1,2,2,2022,16,2,2022,2,NA,2,NA,1,1,1,1,2,NA,1108,NA,NA,NA,NA,0,0,NA,84,0,NA,759,0,0,NA,NA,NA,NA,NA,NA,NA,NA,NA,0,0,0,NA,NA,NA,NA,NA,NA,NA,NA,NA,NA,NA,NA,NA,NA,NA,NA,242,0,NA,NA,NA,NA,NA,NA,NA,NA,NA,1108,108.5,84,759,NA,NA,NA,0,NA,NA,NA,242,NA,NA,NA,NA,0,NA,0,NA,0,0,NA,NA,NA,NA,NA,NA,0,0,NA,NA,NA,NA,NA,NA,0,NA,NA,NA,NA,NA,NA,NA,NA,NA,1,0,0,0,0,0,304.264739990234,6939,0,1,"PUEBLO CAMPORREDONDO",-78.3233642578125,-6.216224193573,1637
"50",2022,6,5066,1,11,10601,7,5,4,3,20220624,2,2,2,NA,2,2,0,1,0,1,0,1,3,5,4,4,2,2,1,2,NA,231,1,1,2,NA,NA,NA,NA,NA,NA,NA,NA,NA,NA,2,NA,NA,NA,NA,NA,NA,NA,NA,NA,NA,2,NA,NA,NA,NA,NA,NA,NA,NA,NA,NA,2,NA,NA,NA,NA,NA,NA,NA,NA,NA,NA,NA,1,2,3,0,1,14,NA,NA,1,1,1,2,1,1,0,0,0,0,0,1,0,1,0,0,1,0,1,0,6,0,1,0,0,0,1,1,1,0,0,0,1,0,0,0,1,0,0,1,0,7,55,14,NA,NA,NA,0,NA,NA,NA,15,NA,NA,0,NA,0,0,0,NA,NA,NA,63,NA,NA,NA,0,NA,NA,0,NA,NA,NA,0,NA,NA,NA,0,NA,NA,NA,NA,NA,NA,0,NA,0,0,0,0,0,0,0,0,0,0,0,0,0,2,0,94,64,0,1,2,2,9,6,2022,23,6,2022,2,NA,2,NA,2,2,2,2,2,NA,2782,NA,NA,NA,NA,84,0,NA,662,0,NA,169,0,0,NA,NA,NA,NA,NA,NA,NA,NA,NA,0,759,0,NA,NA,NA,NA,NA,NA,0,0,0,NA,NA,NA,NA,NA,NA,NA,180,0,NA,NA,NA,NA,NA,NA,NA,NA,NA,2782,84,662,169,NA,NA,NA,0,NA,NA,NA,180,NA,NA,0,NA,0,NA,0,NA,0,0,NA,NA,NA,NA,NA,NA,759,0,NA,NA,NA,NA,NA,NA,0,NA,NA,NA,NA,NA,0,0,NA,NA,1,0,0,0,0,0,58.1940727233887,7201,0,1,"CIUDAD RODRIGUEZ DE MENDOZA",-77.4822845458984,-6.39351749420166,1599
"51",2022,6,5066,45,11,10601,7,5,4,3,20220625,1,1,1,200115,1,3,0,1,0,1,0,1,1,5,1,3,2,1,2,2,NA,555,1,1,2,NA,NA,NA,NA,NA,NA,NA,NA,NA,NA,2,NA,NA,NA,NA,NA,NA,NA,NA,NA,NA,1,0,0,3,0,0,0,0,0,0,10000,2,NA,NA,NA,NA,NA,NA,NA,NA,NA,NA,2,1,2,3,0,1,24,NA,NA,1,3,1,2,1,1,0,0,0,0,0,2,0,1,0,0,0,0,0,0,2,0,1,1,1,0,1,1,1,0,0,0,0,0,0,0,1,1,1,0,0,7,39,20,NA,NA,NA,NA,NA,NA,NA,51,40,51,NA,NA,0,0,0,NA,NA,NA,NA,NA,NA,NA,0,0,0,NA,NA,NA,NA,0,NA,NA,NA,NA,NA,NA,NA,NA,NA,NA,NA,NA,0,0,0,0,0,0,0,0,0,0,0,0,0,0,0,208,0,0,1,1,1,10,6,2022,24,6,2022,2,NA,2,NA,1,1,1,1,2,NA,6683,NA,NA,10357,NA,84,0,NA,470,0,NA,241,0,0,NA,NA,NA,NA,NA,NA,NA,NA,NA,NA,NA,NA,NA,NA,NA,NA,NA,NA,NA,NA,NA,NA,NA,NA,NA,NA,NA,NA,613,0,NA,481,0,NA,613,0,NA,NA,NA,6683,84,470,241,NA,NA,NA,NA,NA,NA,NA,613,481,613,NA,NA,0,NA,0,NA,0,0,NA,NA,NA,NA,NA,NA,NA,NA,NA,NA,NA,NA,NA,NA,0,NA,0,NA,0,NA,NA,NA,NA,NA,1,0,0,0,0,0,58.1940727233887,7201,0,1,"CIUDAD RODRIGUEZ DE MENDOZA",-77.4822845458984,-6.39351749420166,1599
"52",2022,6,5066,87,11,10601,7,5,4,3,20220625,1,1,2,NA,1,1,1,0,1,1,0,1,3,4,4,6,2,2,2,2,NA,462,1,1,2,NA,NA,NA,NA,NA,NA,NA,NA,NA,NA,2,NA,NA,NA,NA,NA,NA,NA,NA,NA,NA,2,NA,NA,NA,NA,NA,NA,NA,NA,NA,NA,2,NA,NA,NA,NA,NA,NA,NA,NA,NA,NA,NA,1,2,3,0,1,24,NA,NA,1,1,1,2,1,1,0,0,0,0,0,1,1,1,0,0,1,0,0,0,2,0,1,1,1,0,1,1,1,0,0,0,1,0,0,0,1,1,1,0,0,7,82,62,NA,NA,NA,0,NA,NA,NA,45,40,35,NA,NA,0,0,0,NA,NA,NA,0,NA,NA,NA,0,0,0,NA,NA,NA,NA,0,NA,NA,NA,0,NA,NA,NA,NA,NA,NA,NA,NA,0,0,0,0,0,0,2,0,0,0,0,0,0,0,0,273,0,0,1,1,1,9,6,2022,23,6,2022,2,NA,1,3500,1,1,1,1,2,NA,5563,NA,NA,NA,NA,84,0,NA,987,0,NA,747,0,0,NA,NA,NA,NA,NA,NA,NA,NA,NA,0,0,0,NA,NA,NA,NA,NA,NA,NA,NA,NA,NA,NA,NA,NA,NA,NA,NA,541,0,NA,481,0,NA,420,0,NA,3592,NA,5563,84,987,747,NA,NA,NA,0,NA,NA,NA,541,481,420,NA,NA,0,NA,0,NA,0,0,NA,NA,NA,NA,NA,NA,0,0,NA,NA,NA,NA,NA,NA,0,NA,0,NA,0,NA,NA,NA,NA,NA,1,0,0,0,0,0,58.1940727233887,7201,0,1,"CIUDAD RODRIGUEZ DE MENDOZA",-77.4822845458984,-6.39351749420166,1599
"53",2022,6,5066,113,11,10601,7,5,4,3,20220626,1,2,2,NA,3,1,1,0,1,1,0,1,3,5,3,4,2,2,2,2,NA,185,1,1,2,NA,NA,NA,NA,NA,NA,NA,NA,NA,NA,2,NA,NA,NA,NA,NA,NA,NA,NA,NA,NA,2,NA,NA,NA,NA,NA,NA,NA,NA,NA,NA,2,NA,NA,NA,NA,NA,NA,NA,NA,NA,NA,NA,1,2,3,0,1,24,NA,NA,1,1,1,2,1,1,0,0,0,0,0,1,0,1,0,0,1,0,1,0,6,0,1,0,0,0,1,1,1,0,0,0,1,0,0,0,1,0,0,1,0,7,37,46,NA,NA,NA,0,NA,NA,NA,20,NA,NA,0,NA,0,0,0,NA,NA,NA,0,NA,NA,NA,0,NA,NA,0,NA,NA,NA,0,NA,NA,NA,0,NA,NA,NA,NA,NA,NA,0,NA,0,0,0,0,0,0,2,0,0,0,0,0,0,2,0,111,0,0,1,2,2,10,6,2022,24,6,2022,2,NA,2,NA,1,1,1,2,2,NA,2228,NA,NA,NA,NA,84,0,NA,446,0,NA,554,0,0,NA,NA,NA,NA,NA,NA,NA,NA,NA,0,0,0,NA,NA,NA,NA,NA,NA,0,0,0,NA,NA,NA,NA,NA,NA,NA,240,0,NA,NA,NA,NA,NA,NA,NA,NA,NA,2228,84,446,554,NA,NA,NA,0,NA,NA,NA,240,NA,NA,0,NA,0,NA,0,NA,0,0,NA,NA,NA,NA,NA,NA,0,0,NA,NA,NA,NA,NA,NA,0,NA,NA,NA,NA,NA,0,0,NA,NA,1,0,0,0,0,0,58.1940727233887,7201,0,1,"CIUDAD RODRIGUEZ DE MENDOZA",-77.4822845458984,-6.39351749420166,1599
"54",2022,2,5074,47,11,10403,7,7,3,3,20220218,1,1,2,NA,4,3,0,0,0,0,1,1,7,4,4,3,1,2,2,2,NA,55,2,NA,2,NA,NA,NA,NA,NA,NA,NA,NA,NA,NA,2,NA,NA,NA,NA,NA,NA,NA,NA,NA,NA,2,NA,NA,NA,NA,NA,NA,NA,NA,NA,NA,2,NA,NA,NA,NA,NA,NA,NA,NA,NA,NA,NA,8,NA,3,0,NA,NA,NA,NA,2,3,NA,NA,9,0,0,0,0,1,0,NA,0,0,0,0,1,0,1,0,6,0,0,0,0,1,0,0,0,0,0,0,1,0,0,0,0,0,0,1,0,NA,NA,NA,NA,NA,NA,0,NA,NA,NA,NA,NA,NA,3,NA,NA,NA,NA,NA,NA,NA,0,NA,NA,NA,NA,NA,NA,0,NA,NA,NA,NA,NA,NA,NA,63,NA,NA,NA,NA,NA,NA,0,NA,0,0,0,0,0,0,0,0,0,0,0,0,0,0,0,3,0,64,9,2,2,3,2,2022,17,2,2022,2,NA,2,NA,2,2,2,2,2,NA,662,NA,NA,NA,NA,NA,NA,NA,NA,NA,NA,NA,NA,NA,NA,NA,NA,NA,NA,NA,NA,NA,NA,0,0,759,NA,NA,NA,NA,NA,NA,36,0,0,NA,NA,NA,NA,NA,NA,NA,NA,NA,NA,NA,NA,NA,NA,NA,NA,NA,NA,662,NA,NA,NA,NA,NA,NA,0,NA,NA,NA,NA,NA,NA,36,NA,NA,NA,NA,NA,NA,NA,NA,NA,NA,NA,NA,NA,0,759,NA,NA,NA,NA,NA,NA,NA,NA,NA,NA,NA,NA,0,0,NA,NA,9,0,0,1,0,0,62.1751327514648,6480,0,44,"COMUNIDAD NATIVA GUAYABAL",-77.7158584594727,-4.20400476455688,177
"55",2022,2,5074,48,11,10403,7,7,3,3,20220218,1,1,2,NA,4,3,0,0,0,0,1,5,7,4,7,2,1,NA,NA,2,NA,23,2,NA,2,NA,NA,NA,NA,NA,NA,NA,NA,NA,NA,2,NA,NA,NA,NA,NA,NA,NA,NA,NA,NA,2,NA,NA,NA,NA,NA,NA,NA,NA,NA,NA,2,NA,NA,NA,NA,NA,NA,NA,NA,NA,NA,NA,8,NA,3,0,NA,NA,NA,NA,2,3,NA,NA,9,0,0,0,0,1,0,NA,0,0,0,0,1,0,1,0,6,0,0,0,0,1,0,0,0,0,0,0,1,0,0,0,0,0,0,1,0,NA,NA,NA,NA,NA,NA,0,NA,NA,NA,NA,NA,NA,0,NA,NA,NA,NA,NA,NA,NA,0,NA,NA,NA,NA,NA,NA,0,NA,NA,NA,NA,NA,NA,NA,52,NA,NA,NA,NA,NA,NA,0,NA,0,0,0,0,0,0,0,0,0,0,0,0,0,2,0,0,0,53,9,1,1,2,2,2022,16,2,2022,2,NA,2,NA,1,1,1,1,2,NA,277,NA,NA,NA,NA,NA,NA,NA,NA,NA,NA,NA,NA,NA,NA,NA,NA,NA,NA,NA,NA,NA,NA,0,0,626,NA,NA,NA,NA,NA,NA,0,0,0,NA,NA,NA,NA,NA,NA,NA,NA,NA,NA,NA,NA,NA,NA,NA,NA,NA,NA,277,NA,NA,NA,NA,NA,NA,0,NA,NA,NA,NA,NA,NA,0,NA,NA,NA,NA,NA,NA,NA,NA,NA,NA,NA,NA,NA,0,626,NA,NA,NA,NA,NA,NA,NA,NA,NA,NA,NA,NA,0,0,NA,NA,9,0,0,1,0,0,62.1751327514648,6480,0,44,"COMUNIDAD NATIVA GUAYABAL",-77.7158584594727,-4.20400476455688,177
"56",2022,2,5074,49,11,10403,7,7,3,3,20220218,1,1,2,NA,4,3,0,0,0,0,1,5,7,6,7,5,3,NA,NA,2,NA,25,2,NA,2,NA,NA,NA,NA,NA,NA,NA,NA,NA,NA,2,NA,NA,NA,NA,NA,NA,NA,NA,NA,NA,2,NA,NA,NA,NA,NA,NA,NA,NA,NA,NA,2,NA,NA,NA,NA,NA,NA,NA,NA,NA,NA,NA,8,NA,3,0,NA,NA,NA,NA,2,3,NA,NA,9,0,0,0,0,1,0,NA,0,0,0,0,1,0,1,0,6,0,1,0,0,0,0,0,0,0,0,0,1,0,0,0,1,0,0,1,0,NA,NA,NA,NA,NA,NA,0,NA,NA,NA,20,NA,NA,0,NA,NA,NA,NA,NA,NA,NA,0,NA,NA,NA,0,NA,NA,0,NA,NA,NA,NA,NA,NA,NA,44,NA,NA,NA,NA,NA,NA,0,NA,0,0,0,0,0,0,0,0,0,0,0,0,0,2,0,19,0,44,9,2,2,3,2,2022,17,2,2022,2,NA,2,NA,2,2,2,2,2,NA,301,NA,NA,NA,NA,NA,NA,NA,NA,NA,NA,NA,NA,NA,NA,NA,NA,NA,NA,NA,NA,NA,NA,0,0,530,NA,NA,NA,NA,NA,NA,0,0,0,NA,NA,NA,NA,NA,NA,NA,242,0,NA,NA,NA,NA,NA,NA,NA,NA,NA,301,NA,NA,NA,NA,NA,NA,0,NA,NA,NA,242,NA,NA,0,NA,NA,NA,NA,NA,NA,NA,NA,NA,NA,NA,NA,NA,0,530,NA,NA,NA,NA,NA,NA,0,NA,NA,NA,NA,NA,0,0,NA,NA,9,1,0,1,0,0,62.1751327514648,6480,0,44,"COMUNIDAD NATIVA GUAYABAL",-77.7158584594727,-4.20400476455688,177
"57",2022,2,5074,52,11,10403,7,7,3,3,20220218,1,1,2,NA,4,3,0,0,0,0,1,5,7,4,7,4,2,NA,NA,2,NA,23,2,NA,2,NA,NA,NA,NA,NA,NA,NA,NA,NA,NA,2,NA,NA,NA,NA,NA,NA,NA,NA,NA,NA,2,NA,NA,NA,NA,NA,NA,NA,NA,NA,NA,2,NA,NA,NA,NA,NA,NA,NA,NA,NA,NA,NA,8,NA,3,0,NA,NA,NA,NA,2,3,NA,NA,9,0,0,0,0,1,0,NA,0,0,0,0,1,0,1,0,6,0,0,0,0,1,0,0,0,0,0,0,1,0,0,0,0,0,0,1,0,NA,NA,NA,NA,NA,NA,0,NA,NA,NA,NA,NA,NA,0,NA,NA,NA,NA,NA,NA,NA,0,NA,NA,NA,NA,NA,NA,0,NA,NA,NA,NA,NA,NA,NA,85,NA,NA,NA,NA,NA,NA,0,NA,0,0,0,0,0,0,0,0,0,0,0,0,0,2,0,0,0,86,9,2,1,3,2,2022,17,2,2022,2,NA,2,NA,1,1,1,2,2,NA,277,NA,NA,NA,NA,NA,NA,NA,NA,NA,NA,NA,NA,NA,NA,NA,NA,NA,NA,NA,NA,NA,NA,0,0,1023,NA,NA,NA,NA,NA,NA,0,0,0,NA,NA,NA,NA,NA,NA,NA,NA,NA,NA,NA,NA,NA,NA,NA,NA,NA,NA,277,NA,NA,NA,NA,NA,NA,0,NA,NA,NA,NA,NA,NA,0,NA,NA,NA,NA,NA,NA,NA,NA,NA,NA,NA,NA,NA,0,1023,NA,NA,NA,NA,NA,NA,NA,NA,NA,NA,NA,NA,0,0,NA,NA,9,0,0,1,0,0,62.1751327514648,6480,0,44,"COMUNIDAD NATIVA GUAYABAL",-77.7158584594727,-4.20400476455688,177
"58",2022,2,5074,133,11,10403,7,7,3,3,20220219,1,1,2,NA,4,3,0,0,0,0,1,5,7,6,7,4,3,NA,NA,2,NA,27,2,NA,2,NA,NA,NA,NA,NA,NA,NA,NA,NA,NA,2,NA,NA,NA,NA,NA,NA,NA,NA,NA,NA,2,NA,NA,NA,NA,NA,NA,NA,NA,NA,NA,2,NA,NA,NA,NA,NA,NA,NA,NA,NA,NA,NA,5,NA,3,0,NA,NA,NA,NA,2,3,NA,NA,4,0,0,0,0,1,0,NA,0,0,0,0,1,0,1,0,6,0,1,0,0,0,1,0,0,0,0,0,1,0,0,0,1,0,0,1,0,0,NA,NA,NA,NA,NA,0,NA,NA,NA,43,NA,NA,0,NA,0,NA,NA,NA,NA,NA,0,NA,NA,NA,0,NA,NA,0,NA,NA,NA,NA,NA,NA,NA,34,NA,NA,NA,NA,NA,NA,0,NA,2,0,0,0,0,0,0,0,0,0,0,0,0,2,0,42,0,34,5,1,1,4,2,2022,18,2,2022,2,NA,2,NA,1,1,1,1,2,NA,325,NA,NA,NA,NA,0,0,NA,NA,NA,NA,NA,NA,NA,NA,NA,NA,NA,NA,NA,NA,NA,NA,0,0,409,NA,NA,NA,NA,NA,NA,0,0,0,NA,NA,NA,NA,NA,NA,NA,520,0,NA,NA,NA,NA,NA,NA,NA,NA,NA,325,0,NA,NA,NA,NA,NA,0,NA,NA,NA,520,NA,NA,0,NA,0,NA,NA,NA,NA,NA,NA,NA,NA,NA,NA,NA,0,409,NA,NA,NA,NA,NA,NA,0,NA,NA,NA,NA,NA,0,0,NA,NA,4,1,0,0,0,0,62.1751327514648,6480,0,44,"COMUNIDAD NATIVA GUAYABAL",-77.7158584594727,-4.20400476455688,177
"59",2022,2,5074,134,11,10403,7,7,3,3,20220219,1,1,2,NA,4,3,0,0,0,0,1,1,7,4,4,5,4,2,2,2,NA,27,2,NA,2,NA,NA,NA,NA,NA,NA,NA,NA,NA,NA,2,NA,NA,NA,NA,NA,NA,NA,NA,NA,NA,2,NA,NA,NA,NA,NA,NA,NA,NA,NA,NA,2,NA,NA,NA,NA,NA,NA,NA,NA,NA,NA,NA,8,NA,3,0,NA,NA,NA,NA,2,3,NA,NA,5,0,0,0,0,1,0,NA,0,0,0,0,1,0,1,0,6,0,1,0,0,0,0,0,0,0,0,0,1,0,0,0,1,0,0,1,0,NA,NA,NA,NA,NA,NA,0,NA,NA,NA,10,NA,NA,0,NA,NA,NA,NA,NA,NA,NA,0,NA,NA,NA,0,NA,NA,0,NA,NA,NA,NA,NA,NA,NA,58,NA,NA,NA,NA,NA,NA,0,NA,0,0,0,0,0,0,0,0,0,0,0,0,0,2,0,9,0,59,9,1,1,4,2,2022,18,2,2022,2,NA,2,NA,1,1,1,1,2,NA,325,NA,NA,NA,NA,NA,NA,NA,NA,NA,NA,NA,NA,NA,NA,NA,NA,NA,NA,NA,NA,NA,NA,0,0,698,NA,NA,NA,NA,NA,NA,0,0,0,NA,NA,NA,NA,NA,NA,NA,121,0,NA,NA,NA,NA,NA,NA,NA,NA,NA,325,NA,NA,NA,NA,NA,NA,0,NA,NA,NA,121,NA,NA,0,NA,NA,NA,NA,NA,NA,NA,NA,NA,NA,NA,NA,NA,0,698,NA,NA,NA,NA,NA,NA,0,NA,NA,NA,NA,NA,0,0,NA,NA,5,0,0,0,0,0,62.1751327514648,6480,0,44,"COMUNIDAD NATIVA GUAYABAL",-77.7158584594727,-4.20400476455688,177
"60",2022,2,5074,135,11,10403,7,7,3,3,20220219,1,1,2,NA,4,3,0,0,0,0,1,1,7,5,4,1,0,2,2,2,NA,18,2,NA,2,NA,NA,NA,NA,NA,NA,NA,NA,NA,NA,2,NA,NA,NA,NA,NA,NA,NA,NA,NA,NA,2,NA,NA,NA,NA,NA,NA,NA,NA,NA,NA,2,NA,NA,NA,NA,NA,NA,NA,NA,NA,NA,NA,8,NA,3,0,NA,NA,NA,NA,2,3,NA,NA,9,0,0,0,0,1,0,NA,0,0,0,0,1,0,1,0,6,0,1,0,0,0,0,0,0,0,0,0,1,0,0,0,1,0,0,1,0,NA,NA,NA,NA,NA,NA,0,NA,NA,NA,5,NA,NA,0,NA,NA,NA,NA,NA,NA,NA,9,NA,NA,NA,0,NA,NA,0,NA,NA,NA,NA,NA,NA,NA,0,NA,NA,NA,NA,NA,NA,0,NA,0,0,0,0,0,0,0,0,0,0,0,0,0,2,0,4,9,0,9,1,1,4,2,2022,18,2,2022,2,NA,2,NA,1,1,1,1,2,NA,217,NA,NA,NA,NA,NA,NA,NA,NA,NA,NA,NA,NA,NA,NA,NA,NA,NA,NA,NA,NA,NA,NA,0,108,0,NA,NA,NA,NA,NA,NA,0,0,0,NA,NA,NA,NA,NA,NA,NA,60,0,NA,NA,NA,NA,NA,NA,NA,NA,NA,217,NA,NA,NA,NA,NA,NA,0,NA,NA,NA,60,NA,NA,0,NA,NA,NA,NA,NA,NA,NA,NA,NA,NA,NA,NA,NA,108,0,NA,NA,NA,NA,NA,NA,0,NA,NA,NA,NA,NA,0,0,NA,NA,9,0,0,1,0,0,62.1751327514648,6480,0,44,"COMUNIDAD NATIVA GUAYABAL",-77.7158584594727,-4.20400476455688,177
"61",2022,2,5074,136,11,10403,7,7,3,3,20220219,1,1,2,NA,4,3,0,1,0,0,0,1,7,6,4,1,0,2,2,2,NA,102,2,NA,2,NA,NA,NA,NA,NA,NA,NA,NA,NA,NA,2,NA,NA,NA,NA,NA,NA,NA,NA,NA,NA,2,NA,NA,NA,NA,NA,NA,NA,NA,NA,NA,2,NA,NA,NA,NA,NA,NA,NA,NA,NA,NA,NA,5,NA,3,0,NA,NA,NA,NA,2,3,NA,NA,4,0,0,0,0,1,0,NA,0,0,0,0,1,0,1,0,6,0,1,0,0,0,1,0,0,0,0,0,1,0,0,0,1,0,0,1,0,0,NA,NA,NA,NA,NA,24,NA,NA,NA,5,NA,NA,0,NA,0,NA,NA,NA,NA,NA,0,NA,NA,NA,0,NA,NA,0,NA,NA,NA,NA,NA,NA,NA,0,NA,NA,NA,NA,NA,NA,44,NA,2,0,0,0,0,0,0,0,0,0,0,0,0,0,0,29,0,44,5,4,4,4,2,2022,18,2,2022,2,NA,2,NA,2,2,2,4,2,NA,1228,NA,NA,NA,NA,0,0,NA,NA,NA,NA,NA,NA,NA,NA,NA,NA,NA,NA,NA,NA,NA,NA,289,0,0,NA,NA,NA,NA,NA,NA,0,0,530,NA,NA,NA,NA,NA,NA,NA,60,0,NA,NA,NA,NA,NA,NA,NA,NA,NA,1228,0,NA,NA,NA,NA,NA,289,NA,NA,NA,60,NA,NA,0,NA,0,NA,NA,NA,NA,NA,NA,NA,NA,NA,NA,NA,0,0,NA,NA,NA,NA,NA,NA,0,NA,NA,NA,NA,NA,0,530,NA,NA,4,1,1,0,0,0,62.1751327514648,6480,0,44,"COMUNIDAD NATIVA GUAYABAL",-77.7158584594727,-4.20400476455688,177
"62",2022,8,5076,15,11,10401,7,7,3,3,20220819,1,1,2,NA,4,3,0,1,0,1,0,1,9,6,7,3,2,2,2,2,NA,50,2,NA,2,NA,NA,NA,NA,NA,NA,NA,NA,NA,NA,2,NA,NA,NA,NA,NA,NA,NA,NA,NA,NA,2,NA,NA,NA,NA,NA,NA,NA,NA,NA,NA,2,NA,NA,NA,NA,NA,NA,NA,NA,NA,NA,NA,1,1,3,0,1,24,NA,NA,2,3,1,3,4,1,0,0,0,1,0,1,0,0,0,0,1,0,0,0,6,0,1,0,0,0,1,1,0,0,0,0,1,0,0,0,1,0,0,1,0,2,4,NA,NA,NA,NA,0,NA,NA,NA,10,NA,NA,0,NA,0,0,NA,NA,NA,NA,0,NA,NA,NA,0,NA,NA,0,NA,NA,NA,NA,NA,NA,NA,0,NA,NA,NA,NA,NA,NA,0,NA,0,0,0,0,0,0,2,0,0,0,0,0,0,2,0,17,0,0,1,3,3,4,8,2022,18,8,2022,2,NA,2,NA,2,2,2,3,2,NA,593,NA,NA,NA,NA,24,0,NA,47,0,NA,NA,NA,NA,NA,NA,NA,NA,NA,NA,NA,NA,NA,0,0,0,NA,NA,NA,NA,NA,NA,0,0,0,NA,NA,NA,NA,NA,NA,NA,120,0,NA,NA,NA,NA,NA,NA,NA,NA,NA,593,24,47,NA,NA,NA,NA,0,NA,NA,NA,120,NA,NA,0,NA,0,NA,0,NA,NA,NA,NA,NA,NA,NA,NA,NA,0,0,NA,NA,NA,NA,NA,NA,0,NA,NA,NA,NA,NA,0,0,NA,NA,4,1,0,0,0,0,55.1079559326172,6501,0,24,"COMUNIDAD NATIVA BAJO CANAMPA",-77.9167785644531,-4.57802438735962,192
"63",2022,8,5076,16,11,10401,7,7,3,3,20220820,1,1,2,NA,4,3,0,1,0,1,0,1,7,6,7,2,1,2,2,2,NA,50,2,NA,2,NA,NA,NA,NA,NA,NA,NA,NA,NA,NA,2,NA,NA,NA,NA,NA,NA,NA,NA,NA,NA,2,NA,NA,NA,NA,NA,NA,NA,NA,NA,NA,2,NA,NA,NA,NA,NA,NA,NA,NA,NA,NA,NA,1,1,3,0,1,24,NA,NA,1,1,1,3,4,1,0,0,0,0,0,1,0,0,0,0,1,0,1,0,6,0,1,0,0,0,1,1,0,0,0,0,1,0,0,0,1,0,0,1,0,2,13,NA,NA,NA,NA,0,NA,NA,NA,5,NA,NA,0,NA,0,0,NA,NA,NA,NA,0,NA,NA,NA,0,NA,NA,0,NA,NA,NA,NA,NA,NA,NA,78,NA,NA,NA,NA,NA,NA,0,NA,0,0,0,0,0,0,0,0,0,0,0,0,0,2,0,21,0,79,1,1,2,5,8,2022,19,8,2022,2,NA,2,NA,2,2,2,1,2,NA,593,NA,NA,NA,NA,24,0,NA,154,0,NA,NA,NA,NA,NA,NA,NA,NA,NA,NA,NA,NA,NA,0,0,925,NA,NA,NA,NA,NA,NA,0,0,0,NA,NA,NA,NA,NA,NA,NA,60,0,NA,NA,NA,NA,NA,NA,NA,NA,NA,593,24,154,NA,NA,NA,NA,0,NA,NA,NA,60,NA,NA,0,NA,0,NA,0,NA,NA,NA,NA,NA,NA,NA,NA,NA,0,925,NA,NA,NA,NA,NA,NA,0,NA,NA,NA,NA,NA,0,0,NA,NA,4,1,1,0,0,0,55.1079559326172,6501,0,24,"COMUNIDAD NATIVA BAJO CANAMPA",-77.9167785644531,-4.57802438735962,192
"64",2022,8,5076,61,11,10401,7,7,3,3,20220819,1,1,1,10401,4,3,0,1,0,1,0,1,9,6,4,2,1,2,2,2,NA,24,2,NA,2,NA,NA,NA,NA,NA,NA,NA,NA,NA,NA,2,NA,NA,NA,NA,NA,NA,NA,NA,NA,NA,2,NA,NA,NA,NA,NA,NA,NA,NA,NA,NA,2,NA,NA,NA,NA,NA,NA,NA,NA,NA,NA,NA,1,1,3,0,1,24,NA,NA,1,1,1,3,4,1,0,0,0,1,0,1,0,0,0,0,1,0,0,0,6,0,1,0,0,0,1,1,0,0,0,0,1,0,0,0,1,0,0,1,0,2,4,NA,NA,NA,NA,0,NA,NA,NA,5,NA,NA,0,NA,0,0,NA,NA,NA,NA,0,NA,NA,NA,0,NA,NA,0,NA,NA,NA,NA,NA,NA,NA,58,NA,NA,NA,NA,NA,NA,0,NA,0,0,0,0,0,0,0,0,0,0,0,0,0,2,0,12,0,59,1,2,2,4,8,2022,18,8,2022,2,NA,2,NA,1,1,1,2,2,NA,285,NA,NA,NA,NA,24,0,NA,47,0,NA,NA,NA,NA,NA,NA,NA,NA,NA,NA,NA,NA,NA,0,0,688,NA,NA,NA,NA,NA,NA,0,0,0,NA,NA,NA,NA,NA,NA,NA,60,0,NA,NA,NA,NA,NA,NA,NA,NA,NA,285,24,47,NA,NA,NA,NA,0,NA,NA,NA,60,NA,NA,0,NA,0,NA,0,NA,NA,NA,NA,NA,NA,NA,NA,NA,0,688,NA,NA,NA,NA,NA,NA,0,NA,NA,NA,NA,NA,0,0,NA,NA,4,1,1,0,0,0,55.1079559326172,6501,0,24,"COMUNIDAD NATIVA BAJO CANAMPA",-77.9167785644531,-4.57802438735962,192
"65",2022,8,5076,63,11,10401,7,7,3,3,20220820,1,1,2,NA,4,3,0,1,0,1,0,1,7,6,7,2,1,2,2,2,NA,23,2,NA,2,NA,NA,NA,NA,NA,NA,NA,NA,NA,NA,2,NA,NA,NA,NA,NA,NA,NA,NA,NA,NA,2,NA,NA,NA,NA,NA,NA,NA,NA,NA,NA,2,NA,NA,NA,NA,NA,NA,NA,NA,NA,NA,NA,1,1,3,0,1,24,NA,NA,1,1,1,3,4,1,0,0,0,1,0,1,0,0,0,0,1,0,0,0,6,0,0,0,0,1,1,1,0,0,0,0,1,0,0,0,0,0,0,1,0,2,4,NA,NA,NA,NA,0,NA,NA,NA,NA,NA,NA,0,NA,0,0,NA,NA,NA,NA,0,NA,NA,NA,NA,NA,NA,0,NA,NA,NA,NA,NA,NA,NA,58,NA,NA,NA,NA,NA,NA,0,NA,0,0,0,0,0,0,0,0,0,0,0,0,0,2,0,7,0,59,1,1,1,3,8,2022,17,8,2022,2,NA,2,NA,1,1,1,1,2,NA,273,NA,NA,NA,NA,24,0,NA,47,0,NA,NA,NA,NA,NA,NA,NA,NA,NA,NA,NA,NA,NA,0,0,688,NA,NA,NA,NA,NA,NA,0,0,0,NA,NA,NA,NA,NA,NA,NA,NA,NA,NA,NA,NA,NA,NA,NA,NA,NA,NA,273,24,47,NA,NA,NA,NA,0,NA,NA,NA,NA,NA,NA,0,NA,0,NA,0,NA,NA,NA,NA,NA,NA,NA,NA,NA,0,688,NA,NA,NA,NA,NA,NA,NA,NA,NA,NA,NA,NA,0,0,NA,NA,4,1,0,0,0,0,55.1079559326172,6501,0,24,"COMUNIDAD NATIVA BAJO CANAMPA",-77.9167785644531,-4.57802438735962,192
"66",2022,8,5076,64,11,10401,7,7,3,3,20220819,1,1,2,NA,4,3,0,1,0,1,0,1,7,6,7,2,1,2,2,2,NA,37,2,NA,2,NA,NA,NA,NA,NA,NA,NA,NA,NA,NA,2,NA,NA,NA,NA,NA,NA,NA,NA,NA,NA,2,NA,NA,NA,NA,NA,NA,NA,NA,NA,NA,2,NA,NA,NA,NA,NA,NA,NA,NA,NA,NA,NA,1,1,3,0,1,24,NA,NA,2,3,1,3,9,1,0,0,0,1,0,1,0,0,0,0,1,0,1,0,6,0,0,0,0,1,1,1,0,0,0,0,1,0,0,0,0,0,0,1,0,2,4,NA,NA,NA,NA,0,NA,NA,NA,NA,NA,NA,19,NA,0,0,NA,NA,NA,NA,0,NA,NA,NA,NA,NA,NA,0,NA,NA,NA,NA,NA,NA,NA,0,NA,NA,NA,NA,NA,NA,0,NA,0,0,0,0,0,0,2,0,0,0,0,0,0,0,0,27,0,0,1,1,1,3,8,2022,17,8,2022,2,NA,2,NA,1,1,1,1,2,NA,439,NA,NA,NA,NA,24,0,NA,47,0,NA,NA,NA,NA,NA,NA,NA,NA,NA,NA,NA,NA,NA,0,0,0,NA,NA,NA,NA,NA,NA,225,0,0,NA,NA,NA,NA,NA,NA,NA,NA,NA,NA,NA,NA,NA,NA,NA,NA,NA,NA,439,24,47,NA,NA,NA,NA,0,NA,NA,NA,NA,NA,NA,225,NA,0,NA,0,NA,NA,NA,NA,NA,NA,NA,NA,NA,0,0,NA,NA,NA,NA,NA,NA,NA,NA,NA,NA,NA,NA,0,0,NA,NA,9,1,0,1,0,0,55.1079559326172,6501,0,24,"COMUNIDAD NATIVA BAJO CANAMPA",-77.9167785644531,-4.57802438735962,192
"67",2022,8,5076,65,11,10401,7,7,3,3,20220818,1,1,2,NA,4,3,0,0,0,0,1,1,7,4,4,3,1,2,2,2,NA,74,2,NA,2,NA,NA,NA,NA,NA,NA,NA,NA,NA,NA,2,NA,NA,NA,NA,NA,NA,NA,NA,NA,NA,2,NA,NA,NA,NA,NA,NA,NA,NA,NA,NA,2,NA,NA,NA,NA,NA,NA,NA,NA,NA,NA,NA,1,2,3,0,1,24,NA,NA,1,1,1,3,9,0,0,0,0,1,0,NA,0,0,0,0,1,0,1,0,6,0,0,0,0,1,1,0,0,0,0,0,1,0,0,0,0,0,0,1,0,2,NA,NA,NA,NA,NA,0,NA,NA,NA,NA,NA,NA,0,NA,0,NA,NA,NA,NA,NA,0,NA,NA,NA,NA,NA,NA,0,NA,NA,NA,NA,NA,NA,NA,35,NA,NA,NA,NA,NA,NA,0,NA,0,0,0,0,0,0,0,0,0,0,0,0,0,2,0,2,0,35,1,1,1,3,8,2022,17,8,2022,2,NA,2,NA,1,1,1,1,2,NA,877,NA,NA,NA,NA,24,0,NA,NA,NA,NA,NA,NA,NA,NA,NA,NA,NA,NA,NA,NA,NA,NA,0,0,415,NA,NA,NA,NA,NA,NA,0,0,0,NA,NA,NA,NA,NA,NA,NA,NA,NA,NA,NA,NA,NA,NA,NA,NA,NA,NA,877,24,NA,NA,NA,NA,NA,0,NA,NA,NA,NA,NA,NA,0,NA,0,NA,NA,NA,NA,NA,NA,NA,NA,NA,NA,NA,0,415,NA,NA,NA,NA,NA,NA,NA,NA,NA,NA,NA,NA,0,0,NA,NA,9,0,0,1,0,0,55.1079559326172,6501,0,24,"COMUNIDAD NATIVA BAJO CANAMPA",-77.9167785644531,-4.57802438735962,192
"68",2022,8,5076,66,11,10401,7,7,3,3,20220819,1,1,2,NA,4,3,0,1,0,1,0,1,7,6,7,1,1,2,2,6,NA,24,NA,NA,2,NA,NA,NA,NA,NA,NA,NA,NA,NA,NA,2,NA,NA,NA,NA,NA,NA,NA,NA,NA,NA,2,NA,NA,NA,NA,NA,NA,NA,NA,NA,NA,2,NA,NA,NA,NA,NA,NA,NA,NA,NA,NA,NA,1,1,3,0,1,24,NA,NA,1,1,2,NA,5,0,0,0,0,1,0,NA,0,0,0,0,0,0,0,1,NA,0,0,0,0,1,1,0,0,0,0,0,0,0,0,0,0,0,0,1,0,0,NA,NA,NA,NA,NA,NA,NA,NA,NA,NA,NA,NA,0,NA,2,NA,NA,NA,NA,NA,NA,NA,NA,NA,NA,NA,NA,0,NA,NA,NA,NA,NA,NA,NA,NA,NA,NA,NA,NA,NA,NA,0,NA,0,0,0,0,0,0,0,0,0,0,0,0,0,2,0,0,2,0,1,1,1,4,8,2022,18,8,2022,2,NA,2,NA,1,1,1,1,2,NA,285,NA,NA,NA,NA,0,24,NA,NA,NA,NA,NA,NA,NA,NA,NA,NA,NA,NA,NA,NA,NA,NA,NA,NA,NA,NA,NA,NA,NA,NA,NA,0,0,0,NA,NA,NA,NA,NA,NA,NA,NA,NA,NA,NA,NA,NA,NA,NA,NA,NA,NA,285,0,NA,NA,NA,NA,NA,NA,NA,NA,NA,NA,NA,NA,0,NA,24,NA,NA,NA,NA,NA,NA,NA,NA,NA,NA,NA,NA,NA,NA,NA,NA,NA,NA,NA,NA,NA,NA,NA,NA,NA,0,0,NA,NA,5,1,0,0,0,0,55.1079559326172,6501,0,24,"COMUNIDAD NATIVA BAJO CANAMPA",-77.9167785644531,-4.57802438735962,192
"69",2022,9,5087,31,11,10202,7,8,3,3,20220915,1,1,2,NA,3,3,0,0,0,0,1,1,3,6,4,3,2,2,2,2,NA,14,2,NA,2,NA,NA,NA,NA,NA,NA,NA,NA,NA,NA,2,NA,NA,NA,NA,NA,NA,NA,NA,NA,NA,2,NA,NA,NA,NA,NA,NA,NA,NA,NA,NA,2,NA,NA,NA,NA,NA,NA,NA,NA,NA,NA,NA,1,2,3,0,1,24,NA,NA,1,3,2,NA,4,0,0,0,0,1,0,NA,0,1,0,0,1,0,1,0,6,0,1,1,1,0,1,0,1,0,0,0,1,0,0,0,1,1,1,1,0,0,NA,38,NA,NA,NA,0,NA,NA,NA,43,65,28,0,NA,0,NA,0,NA,NA,NA,0,NA,NA,NA,0,0,0,0,NA,NA,NA,0,NA,NA,NA,21,NA,NA,NA,NA,NA,NA,0,NA,2,0,0,0,0,0,0,0,0,0,0,0,0,2,0,173,0,21,1,1,1,30,8,2022,13,9,2022,2,NA,2,NA,1,1,1,1,2,NA,166,NA,NA,NA,NA,0,0,NA,NA,NA,NA,452,0,0,NA,NA,NA,NA,NA,NA,NA,NA,NA,0,0,250,NA,NA,NA,NA,NA,NA,0,0,0,NA,NA,NA,NA,NA,NA,NA,508,0,NA,767,0,NA,331,0,NA,NA,NA,166,0,NA,452,NA,NA,NA,0,NA,NA,NA,508,767,331,0,NA,0,NA,NA,NA,0,0,NA,NA,NA,NA,NA,NA,0,250,NA,NA,NA,NA,NA,NA,0,NA,0,NA,0,NA,0,0,NA,NA,4,0,0,0,0,0,55.1079559326172,6564,0,11,"CASERIO SAN JUAN DE DIOS",-78.5045471191406,-5.36662435531616,1426
"70",2022,9,5087,91,11,10202,7,8,3,3,20220917,1,1,2,NA,4,3,0,0,0,0,1,1,7,4,4,3,2,2,2,2,NA,41,2,NA,2,NA,NA,NA,NA,NA,NA,NA,NA,NA,NA,2,NA,NA,NA,NA,NA,NA,NA,NA,NA,NA,2,NA,NA,NA,NA,NA,NA,NA,NA,NA,NA,2,NA,NA,NA,NA,NA,NA,NA,NA,NA,NA,NA,1,2,3,0,1,24,NA,NA,1,3,2,NA,4,0,0,0,0,1,0,NA,0,0,0,0,1,0,1,0,6,0,1,0,0,0,1,0,0,0,0,0,1,0,0,0,1,0,0,1,0,0,NA,NA,NA,NA,NA,0,NA,NA,NA,10,NA,NA,0,NA,0,NA,NA,NA,NA,NA,0,NA,NA,NA,0,NA,NA,0,NA,NA,NA,NA,NA,NA,NA,42,NA,NA,NA,NA,NA,NA,0,NA,2,0,0,0,0,0,0,0,0,0,0,0,0,2,0,9,0,42,1,1,2,2,9,2022,16,9,2022,2,NA,2,NA,1,1,1,1,2,NA,488,NA,NA,NA,NA,0,0,NA,NA,NA,NA,NA,NA,NA,NA,NA,NA,NA,NA,NA,NA,NA,NA,0,0,499,NA,NA,NA,NA,NA,NA,0,0,0,NA,NA,NA,NA,NA,NA,NA,118,0,NA,NA,NA,NA,NA,NA,NA,NA,NA,488,0,NA,NA,NA,NA,NA,0,NA,NA,NA,118,NA,NA,0,NA,0,NA,NA,NA,NA,NA,NA,NA,NA,NA,NA,NA,0,499,NA,NA,NA,NA,NA,NA,0,NA,NA,NA,NA,NA,0,0,NA,NA,4,0,0,0,0,0,55.1079559326172,6564,0,11,"CASERIO SAN JUAN DE DIOS",-78.5045471191406,-5.36662435531616,1426
"71",2022,9,5087,93,11,10202,7,8,3,3,20220915,1,1,2,NA,4,3,0,0,0,0,1,1,7,6,4,2,0,2,2,2,NA,14,2,NA,2,NA,NA,NA,NA,NA,NA,NA,NA,NA,NA,2,NA,NA,NA,NA,NA,NA,NA,NA,NA,NA,2,NA,NA,NA,NA,NA,NA,NA,NA,NA,NA,2,NA,NA,NA,NA,NA,NA,NA,NA,NA,NA,NA,1,1,3,0,1,24,NA,NA,1,3,2,NA,4,0,0,0,0,0,1,NA,0,0,0,0,1,0,1,0,6,0,1,0,0,0,1,0,0,0,0,0,1,0,0,0,1,0,0,1,0,0,NA,NA,NA,NA,NA,0,NA,NA,NA,20,NA,NA,0,NA,0,NA,NA,NA,NA,NA,39,NA,NA,NA,0,NA,NA,0,NA,NA,NA,NA,NA,NA,NA,0,NA,NA,NA,NA,NA,NA,0,NA,2,0,0,0,0,0,0,0,0,0,0,0,0,2,0,19,39,0,1,1,1,31,8,2022,14,9,2022,2,NA,2,NA,1,1,1,1,2,NA,166,NA,NA,NA,NA,0,0,NA,NA,NA,NA,NA,NA,NA,NA,NA,NA,NA,NA,NA,NA,NA,NA,0,464,0,NA,NA,NA,NA,NA,NA,0,0,0,NA,NA,NA,NA,NA,NA,NA,236,0,NA,NA,NA,NA,NA,NA,NA,NA,NA,166,0,NA,NA,NA,NA,NA,0,NA,NA,NA,236,NA,NA,0,NA,0,NA,NA,NA,NA,NA,NA,NA,NA,NA,NA,NA,464,0,NA,NA,NA,NA,NA,NA,0,NA,NA,NA,NA,NA,0,0,NA,NA,4,1,0,0,0,0,55.1079559326172,6564,0,11,"CASERIO SAN JUAN DE DIOS",-78.5045471191406,-5.36662435531616,1426
"72",2022,9,5087,94,11,10202,7,8,3,3,20220917,1,1,2,NA,4,3,0,0,0,0,1,1,7,6,4,3,2,2,2,2,NA,29,2,NA,2,NA,NA,NA,NA,NA,NA,NA,NA,NA,NA,2,NA,NA,NA,NA,NA,NA,NA,NA,NA,NA,2,NA,NA,NA,NA,NA,NA,NA,NA,NA,NA,2,NA,NA,NA,NA,NA,NA,NA,NA,NA,NA,NA,1,2,3,0,1,24,NA,NA,1,3,2,NA,4,0,0,0,0,1,0,NA,0,0,0,0,1,0,1,0,6,0,1,0,0,0,1,0,0,0,0,0,1,0,0,0,1,0,0,1,0,0,NA,NA,NA,NA,NA,0,NA,NA,NA,20,NA,NA,0,NA,0,NA,NA,NA,NA,NA,0,NA,NA,NA,0,NA,NA,0,NA,NA,NA,NA,NA,NA,NA,49,NA,NA,NA,NA,NA,NA,0,NA,2,0,0,0,0,0,0,0,0,0,0,0,0,2,0,19,0,49,1,2,2,1,9,2022,15,9,2022,2,NA,2,NA,2,2,2,2,2,NA,345,NA,NA,NA,NA,0,0,NA,NA,NA,NA,NA,NA,NA,NA,NA,NA,NA,NA,NA,NA,NA,NA,0,0,583,NA,NA,NA,NA,NA,NA,0,0,0,NA,NA,NA,NA,NA,NA,NA,236,0,NA,NA,NA,NA,NA,NA,NA,NA,NA,345,0,NA,NA,NA,NA,NA,0,NA,NA,NA,236,NA,NA,0,NA,0,NA,NA,NA,NA,NA,NA,NA,NA,NA,NA,NA,0,583,NA,NA,NA,NA,NA,NA,0,NA,NA,NA,NA,NA,0,0,NA,NA,4,1,0,0,0,0,55.1079559326172,6564,0,11,"CASERIO SAN JUAN DE DIOS",-78.5045471191406,-5.36662435531616,1426
"73",2022,9,5087,97,11,10202,7,8,3,3,20220917,1,1,1,140308,4,3,0,0,0,0,1,1,7,6,4,2,2,2,2,2,NA,32,2,NA,2,NA,NA,NA,NA,NA,NA,NA,NA,NA,NA,2,NA,NA,NA,NA,NA,NA,NA,NA,NA,NA,2,NA,NA,NA,NA,NA,NA,NA,NA,NA,NA,2,NA,NA,NA,NA,NA,NA,NA,NA,NA,NA,NA,1,1,3,0,1,24,NA,NA,1,3,2,NA,4,0,0,0,0,1,0,NA,0,1,0,0,1,0,1,0,6,0,1,0,0,0,1,0,1,0,0,0,1,0,0,0,1,0,0,1,0,0,NA,28,NA,NA,NA,0,NA,NA,NA,40,NA,NA,0,NA,0,NA,0,NA,NA,NA,0,NA,NA,NA,0,NA,NA,0,NA,NA,NA,0,NA,NA,NA,0,NA,NA,NA,NA,NA,NA,0,NA,2,0,0,0,0,0,2,0,0,0,0,0,0,2,0,68,0,0,1,2,2,2,9,2022,16,9,2022,2,NA,2,NA,2,2,2,2,2,NA,380,NA,NA,NA,NA,0,0,NA,NA,NA,NA,333,0,0,NA,NA,NA,NA,NA,NA,NA,NA,NA,0,0,0,NA,NA,NA,NA,NA,NA,0,0,0,NA,NA,NA,NA,NA,NA,NA,472,0,NA,NA,NA,NA,NA,NA,NA,NA,NA,380,0,NA,333,NA,NA,NA,0,NA,NA,NA,472,NA,NA,0,NA,0,NA,NA,NA,0,0,NA,NA,NA,NA,NA,NA,0,0,NA,NA,NA,NA,NA,NA,0,NA,NA,NA,NA,NA,0,0,NA,NA,4,1,0,0,0,0,55.1079559326172,6564,0,11,"CASERIO SAN JUAN DE DIOS",-78.5045471191406,-5.36662435531616,1426
"74",2022,9,5087,98,11,10202,7,8,3,3,20220915,1,1,1,140101,4,3,0,0,0,0,1,1,7,4,4,3,1,2,2,6,NA,32,NA,NA,2,NA,NA,NA,NA,NA,NA,NA,NA,NA,NA,2,NA,NA,NA,NA,NA,NA,NA,NA,NA,NA,2,NA,NA,NA,NA,NA,NA,NA,NA,NA,NA,2,NA,NA,NA,NA,NA,NA,NA,NA,NA,NA,NA,1,2,3,0,1,24,NA,NA,1,3,2,NA,4,0,0,0,0,1,0,NA,0,1,0,0,1,0,1,0,6,0,1,0,0,0,1,0,1,0,0,0,1,0,0,0,1,0,0,1,0,0,NA,36,NA,NA,NA,0,NA,NA,NA,25,NA,NA,0,NA,0,NA,0,NA,NA,NA,0,NA,NA,NA,0,NA,NA,0,NA,NA,NA,0,NA,NA,NA,50,NA,NA,NA,NA,NA,NA,0,NA,2,0,0,0,0,0,0,0,0,0,0,0,0,2,0,61,0,51,1,1,2,31,8,2022,14,9,2022,2,NA,2,NA,1,1,1,1,2,NA,380,NA,NA,NA,NA,0,0,NA,NA,NA,NA,428,0,0,NA,NA,NA,NA,NA,NA,NA,NA,NA,0,0,595,NA,NA,NA,NA,NA,NA,0,0,0,NA,NA,NA,NA,NA,NA,NA,295,0,NA,NA,NA,NA,NA,NA,NA,NA,NA,380,0,NA,428,NA,NA,NA,0,NA,NA,NA,295,NA,NA,0,NA,0,NA,NA,NA,0,0,NA,NA,NA,NA,NA,NA,0,595,NA,NA,NA,NA,NA,NA,0,NA,NA,NA,NA,NA,0,0,NA,NA,4,0,0,0,0,0,55.1079559326172,6564,0,11,"CASERIO SAN JUAN DE DIOS",-78.5045471191406,-5.36662435531616,1426
"75",2022,9,5087,99,11,10202,7,8,3,3,20220916,1,1,2,NA,4,3,0,0,0,0,1,1,7,4,4,3,1,2,2,2,NA,23,2,NA,2,NA,NA,NA,NA,NA,NA,NA,NA,NA,NA,2,NA,NA,NA,NA,NA,NA,NA,NA,NA,NA,2,NA,NA,NA,NA,NA,NA,NA,NA,NA,NA,2,NA,NA,NA,NA,NA,NA,NA,NA,NA,NA,NA,1,2,3,0,1,24,NA,NA,1,1,2,NA,4,0,0,0,0,1,0,NA,0,0,0,0,0,0,0,1,NA,0,1,1,0,0,1,0,0,0,0,0,0,0,0,0,1,1,0,1,0,0,NA,NA,NA,NA,NA,NA,NA,NA,NA,10,49,NA,0,NA,0,NA,NA,NA,NA,NA,NA,NA,NA,NA,0,0,NA,0,NA,NA,NA,NA,NA,NA,NA,NA,NA,NA,NA,NA,NA,NA,0,NA,2,0,0,0,0,0,0,0,0,0,0,0,0,2,0,59,0,0,1,1,1,1,9,2022,15,9,2022,2,NA,2,NA,1,1,1,1,2,NA,273,NA,NA,NA,NA,0,0,NA,NA,NA,NA,NA,NA,NA,NA,NA,NA,NA,NA,NA,NA,NA,NA,NA,NA,NA,NA,NA,NA,NA,NA,NA,0,0,0,NA,NA,NA,NA,NA,NA,NA,118,0,NA,579,0,NA,NA,NA,NA,NA,NA,273,0,NA,NA,NA,NA,NA,NA,NA,NA,NA,118,579,NA,0,NA,0,NA,NA,NA,NA,NA,NA,NA,NA,NA,NA,NA,NA,NA,NA,NA,NA,NA,NA,NA,0,NA,0,NA,NA,NA,0,0,NA,NA,4,0,0,0,0,0,55.1079559326172,6564,0,11,"CASERIO SAN JUAN DE DIOS",-78.5045471191406,-5.36662435531616,1426
"76",2022,9,5087,100,11,10202,7,8,3,3,20220916,1,1,2,NA,4,3,0,0,0,0,1,1,7,4,4,3,1,2,2,6,NA,23,NA,NA,2,NA,NA,NA,NA,NA,NA,NA,NA,NA,NA,2,NA,NA,NA,NA,NA,NA,NA,NA,NA,NA,2,NA,NA,NA,NA,NA,NA,NA,NA,NA,NA,2,NA,NA,NA,NA,NA,NA,NA,NA,NA,NA,NA,1,2,3,0,1,24,NA,NA,1,1,2,NA,4,0,0,0,0,1,0,NA,0,1,0,0,1,0,1,0,6,0,1,0,0,0,1,0,1,0,0,0,1,0,0,0,1,0,0,1,0,0,NA,27,NA,NA,NA,0,NA,NA,NA,5,NA,NA,0,NA,0,NA,0,NA,NA,NA,0,NA,NA,NA,0,NA,NA,0,NA,NA,NA,0,NA,NA,NA,0,NA,NA,NA,NA,NA,NA,0,NA,2,0,0,0,0,0,2,0,0,0,0,0,0,2,0,32,0,0,1,1,2,1,9,2022,15,9,2022,1,12000,2,NA,1,1,1,1,2,NA,273,NA,NA,NA,NA,0,0,NA,NA,NA,NA,321,0,0,NA,NA,NA,NA,NA,NA,NA,NA,NA,0,0,0,NA,NA,NA,NA,NA,NA,0,0,0,NA,NA,NA,12146,NA,NA,NA,59,0,NA,NA,NA,NA,NA,NA,NA,NA,NA,273,0,NA,321,NA,NA,NA,0,NA,NA,NA,59,NA,NA,0,NA,0,NA,NA,NA,0,0,NA,NA,NA,NA,NA,NA,0,0,NA,NA,NA,NA,NA,NA,0,NA,NA,NA,NA,NA,0,0,NA,NA,4,0,0,0,0,0,55.1079559326172,6564,0,11,"CASERIO SAN JUAN DE DIOS",-78.5045471191406,-5.36662435531616,1426
"77",2022,12,5088,16,11,10202,7,7,2,3,20221209,1,1,2,NA,3,3,1,0,0,1,0,1,3,5,4,2,1,2,2,2,NA,41,2,NA,2,NA,NA,NA,NA,NA,NA,NA,NA,NA,NA,2,NA,NA,NA,NA,NA,NA,NA,NA,NA,NA,2,NA,NA,NA,NA,NA,NA,NA,NA,NA,NA,2,NA,NA,NA,NA,NA,NA,NA,NA,NA,NA,NA,1,1,3,0,1,24,NA,NA,2,3,2,NA,6,1,0,0,0,0,0,1,0,1,0,0,1,0,0,0,6,0,1,0,1,0,1,1,1,0,0,0,1,0,0,0,1,0,1,0,0,0,14,29,NA,NA,NA,0,NA,NA,NA,30,NA,15,NA,NA,0,0,0,NA,NA,NA,0,NA,NA,NA,0,NA,10,NA,NA,NA,NA,0,NA,NA,NA,0,NA,NA,NA,NA,NA,NA,NA,NA,2,0,0,0,0,0,2,0,0,0,0,0,0,0,0,89,9,0,1,2,2,24,11,2022,8,12,2022,1,6000,2,NA,2,2,2,2,2,NA,496,NA,NA,NA,NA,0,0,NA,169,0,NA,351,0,0,NA,NA,NA,NA,NA,NA,NA,NA,NA,0,0,0,NA,NA,NA,NA,NA,NA,NA,NA,NA,NA,NA,NA,6002,NA,NA,NA,359,0,NA,NA,NA,NA,179,120,NA,NA,NA,496,0,169,351,NA,NA,NA,0,NA,NA,NA,359,NA,179,NA,NA,0,NA,0,NA,0,0,NA,NA,NA,NA,NA,NA,0,0,NA,NA,NA,NA,NA,NA,0,NA,NA,NA,120,NA,NA,NA,NA,NA,6,0,0,1,0,0,66.6793823242188,6571,0,34,"SECTOR SAN ANTONIO",-78.4573364257813,-5.45736312866211,929
"78",2022,12,5088,17,11,10202,7,7,2,3,20221207,1,1,1,140101,2,1,0,1,0,0,0,1,3,5,4,3,1,2,2,2,NA,138,2,NA,2,NA,NA,NA,NA,NA,NA,NA,NA,NA,NA,2,NA,NA,NA,NA,NA,NA,NA,NA,NA,NA,2,NA,NA,NA,NA,NA,NA,NA,NA,NA,NA,2,NA,NA,NA,NA,NA,NA,NA,NA,NA,NA,NA,1,1,3,0,1,24,NA,NA,1,1,2,NA,6,1,0,0,0,0,0,1,0,1,0,0,1,0,0,0,2,0,1,0,1,0,1,1,1,0,0,0,1,0,0,0,1,0,1,0,0,0,17,27,NA,NA,NA,0,NA,NA,NA,40,NA,30,NA,NA,0,0,0,NA,NA,NA,0,NA,NA,NA,0,NA,0,NA,NA,NA,NA,0,NA,NA,NA,0,NA,NA,NA,NA,NA,NA,NA,NA,2,0,0,0,0,0,2,0,0,0,0,0,0,0,0,114,0,0,1,2,2,22,11,2022,6,12,2022,2,NA,2,NA,2,2,2,2,2,NA,1670,NA,NA,NA,NA,0,0,NA,206,0,NA,327,0,0,NA,NA,NA,NA,NA,NA,NA,NA,NA,0,0,0,NA,NA,NA,NA,NA,NA,NA,NA,NA,NA,NA,NA,NA,NA,NA,NA,478,0,NA,NA,NA,NA,359,0,NA,NA,NA,1670,0,206,327,NA,NA,NA,0,NA,NA,NA,478,NA,359,NA,NA,0,NA,0,NA,0,0,NA,NA,NA,NA,NA,NA,0,0,NA,NA,NA,NA,NA,NA,0,NA,NA,NA,0,NA,NA,NA,NA,NA,6,0,0,1,0,0,66.6793823242188,6571,0,34,"SECTOR SAN ANTONIO",-78.4573364257813,-5.45736312866211,929
"79",2022,12,5088,18,11,10202,7,7,2,3,20221208,1,2,2,NA,3,3,1,0,0,0,0,1,1,5,4,4,1,2,2,2,NA,185,2,NA,2,NA,NA,NA,NA,NA,NA,NA,NA,NA,NA,2,NA,NA,NA,NA,NA,NA,NA,NA,NA,NA,2,NA,NA,NA,NA,NA,NA,NA,NA,NA,NA,2,NA,NA,NA,NA,NA,NA,NA,NA,NA,NA,NA,1,1,3,0,1,24,NA,NA,1,1,2,NA,6,1,0,0,0,0,0,1,0,1,0,0,0,0,0,0,2,0,1,1,0,0,1,1,1,0,0,0,0,0,0,0,1,1,0,0,0,0,17,58,NA,NA,NA,NA,NA,NA,NA,0,0,NA,NA,NA,0,0,0,NA,NA,NA,NA,NA,NA,NA,5,20,NA,NA,NA,NA,NA,0,NA,NA,NA,NA,NA,NA,NA,NA,NA,NA,NA,NA,2,0,0,0,0,0,0,0,0,0,0,0,0,0,0,77,24,0,1,1,1,23,11,2022,7,12,2022,2,NA,2,NA,1,1,1,1,2,NA,2239,NA,NA,NA,NA,0,0,NA,206,0,NA,702,0,0,NA,NA,NA,NA,NA,NA,NA,NA,NA,NA,NA,NA,NA,NA,NA,NA,NA,NA,NA,NA,NA,NA,NA,NA,NA,NA,NA,NA,0,60,NA,0,239,NA,NA,NA,NA,NA,NA,2239,0,206,702,NA,NA,NA,NA,NA,NA,NA,0,0,NA,NA,NA,0,NA,0,NA,0,0,NA,NA,NA,NA,NA,NA,NA,NA,NA,NA,NA,NA,NA,NA,60,NA,239,NA,NA,NA,NA,NA,NA,NA,6,0,0,1,0,0,66.6793823242188,6571,0,34,"SECTOR SAN ANTONIO",-78.4573364257813,-5.45736312866211,929
"80",2022,12,5088,22,11,10202,7,7,2,3,20221209,1,1,2,NA,3,3,1,0,0,1,0,1,1,6,4,2,0,2,2,2,NA,64,2,NA,2,NA,NA,NA,NA,NA,NA,NA,NA,NA,NA,2,NA,NA,NA,NA,NA,NA,NA,NA,NA,NA,2,NA,NA,NA,NA,NA,NA,NA,NA,NA,NA,2,NA,NA,NA,NA,NA,NA,NA,NA,NA,NA,NA,1,1,3,0,1,24,NA,NA,1,1,2,NA,6,1,0,0,0,0,0,1,0,1,0,0,1,0,0,0,2,0,1,0,0,0,1,1,1,0,0,0,1,0,0,0,1,0,0,0,0,0,9,0,NA,NA,NA,0,NA,NA,NA,45,NA,NA,NA,NA,0,0,62,NA,NA,NA,0,NA,NA,NA,0,NA,NA,NA,NA,NA,NA,0,NA,NA,NA,0,NA,NA,NA,NA,NA,NA,NA,NA,2,0,0,0,0,0,2,0,0,0,0,0,0,0,0,54,63,0,1,2,2,23,11,2022,7,12,2022,2,NA,2,NA,2,2,2,2,2,NA,775,NA,NA,NA,NA,0,0,NA,109,0,NA,0,750,0,NA,NA,NA,NA,NA,NA,NA,NA,NA,0,0,0,NA,NA,NA,NA,NA,NA,NA,NA,NA,NA,NA,NA,NA,NA,NA,NA,538,0,NA,NA,NA,NA,NA,NA,NA,NA,NA,775,0,109,0,NA,NA,NA,0,NA,NA,NA,538,NA,NA,NA,NA,0,NA,0,NA,750,0,NA,NA,NA,NA,NA,NA,0,0,NA,NA,NA,NA,NA,NA,0,NA,NA,NA,NA,NA,NA,NA,NA,NA,6,0,0,1,0,0,66.6793823242188,6571,0,34,"SECTOR SAN ANTONIO",-78.4573364257813,-5.45736312866211,929
"81",2022,12,5088,41,11,10202,7,7,2,3,20221208,1,1,2,NA,2,3,0,0,0,0,1,1,4,6,4,3,1,2,2,2,NA,23,2,NA,2,NA,NA,NA,NA,NA,NA,NA,NA,NA,NA,2,NA,NA,NA,NA,NA,NA,NA,NA,NA,NA,2,NA,NA,NA,NA,NA,NA,NA,NA,NA,NA,2,NA,NA,NA,NA,NA,NA,NA,NA,NA,NA,NA,7,NA,3,0,NA,NA,NA,NA,2,3,2,NA,5,0,0,0,0,1,0,NA,0,0,0,0,1,0,0,0,6,0,0,0,0,1,1,0,0,0,0,0,1,0,0,0,0,0,0,1,0,0,NA,NA,NA,NA,NA,0,NA,NA,NA,NA,NA,NA,0,NA,3,NA,NA,NA,NA,NA,0,NA,NA,NA,NA,NA,NA,0,NA,NA,NA,NA,NA,NA,NA,0,NA,NA,NA,NA,NA,NA,0,NA,0,0,0,0,0,0,2,0,0,0,0,0,0,2,0,0,3,0,7,1,1,23,11,2022,7,12,2022,2,NA,2,NA,1,1,1,1,2,NA,278,NA,NA,NA,NA,0,36,NA,NA,NA,NA,NA,NA,NA,NA,NA,NA,NA,NA,NA,NA,NA,NA,0,0,0,NA,NA,NA,NA,NA,NA,0,0,0,NA,NA,NA,NA,NA,NA,NA,NA,NA,NA,NA,NA,NA,NA,NA,NA,NA,NA,278,0,NA,NA,NA,NA,NA,0,NA,NA,NA,NA,NA,NA,0,NA,36,NA,NA,NA,NA,NA,NA,NA,NA,NA,NA,NA,0,0,NA,NA,NA,NA,NA,NA,NA,NA,NA,NA,NA,NA,0,0,NA,NA,5,0,0,0,0,0,66.6793823242188,6571,0,34,"SECTOR SAN ANTONIO",-78.4573364257813,-5.45736312866211,929
"82",2022,12,5088,42,11,10202,7,7,2,3,20221209,1,1,2,NA,4,3,0,0,0,0,1,1,7,6,4,3,1,2,2,2,NA,46,2,NA,2,NA,NA,NA,NA,NA,NA,NA,NA,NA,NA,2,NA,NA,NA,NA,NA,NA,NA,NA,NA,NA,2,NA,NA,NA,NA,NA,NA,NA,NA,NA,NA,2,NA,NA,NA,NA,NA,NA,NA,NA,NA,NA,NA,6,NA,3,0,NA,NA,NA,NA,1,3,NA,NA,7,0,0,1,0,0,0,NA,0,0,0,0,0,0,0,1,NA,0,0,0,0,1,1,0,0,0,1,0,0,0,0,0,0,0,0,0,0,0,NA,NA,NA,11,NA,NA,NA,NA,NA,NA,NA,NA,NA,NA,0,NA,NA,NA,0,NA,NA,NA,NA,NA,NA,NA,NA,NA,NA,NA,NA,NA,NA,0,NA,NA,NA,NA,NA,NA,NA,NA,NA,NA,2,0,0,0,0,0,0,0,0,0,0,0,0,0,0,11,0,0,6,1,1,23,11,2022,7,12,2022,2,NA,2,NA,1,1,1,1,2,NA,557,NA,NA,NA,NA,0,0,NA,NA,NA,NA,NA,NA,NA,NA,NA,NA,133,0,0,NA,NA,NA,NA,NA,NA,NA,NA,NA,NA,NA,NA,NA,NA,NA,NA,NA,NA,NA,NA,NA,NA,NA,NA,NA,NA,NA,NA,NA,NA,NA,NA,NA,557,0,NA,NA,NA,133,NA,NA,NA,NA,NA,NA,NA,NA,NA,NA,0,NA,NA,NA,NA,NA,NA,NA,0,0,NA,NA,NA,NA,NA,NA,NA,NA,NA,NA,NA,NA,NA,NA,NA,NA,NA,NA,NA,NA,7,1,0,1,0,0,66.6793823242188,6571,0,34,"SECTOR SAN ANTONIO",-78.4573364257813,-5.45736312866211,929
"83",2022,12,5088,50,11,10202,7,7,2,3,20221209,1,1,2,NA,3,3,0,0,0,0,1,1,4,6,4,3,1,2,2,2,NA,21,2,NA,2,NA,NA,NA,NA,NA,NA,NA,NA,NA,NA,2,NA,NA,NA,NA,NA,NA,NA,NA,NA,NA,2,NA,NA,NA,NA,NA,NA,NA,NA,NA,NA,2,NA,NA,NA,NA,NA,NA,NA,NA,NA,NA,NA,6,NA,3,0,NA,NA,NA,NA,2,3,NA,NA,9,0,0,0,0,0,1,NA,0,0,0,0,1,0,0,0,6,0,0,0,0,1,1,0,0,0,0,0,1,0,0,0,0,0,0,0,0,0,NA,NA,NA,NA,NA,0,NA,NA,NA,NA,NA,NA,NA,NA,0,NA,NA,NA,NA,NA,0,NA,NA,NA,NA,NA,NA,NA,NA,NA,NA,NA,NA,NA,NA,0,NA,NA,NA,NA,NA,NA,NA,NA,2,0,0,0,0,0,2,0,0,0,0,0,0,0,0,0,0,0,6,1,1,23,11,2022,7,12,2022,2,NA,2,NA,1,1,1,1,2,NA,254,NA,NA,NA,NA,0,0,NA,NA,NA,NA,NA,NA,NA,NA,NA,NA,NA,NA,NA,NA,NA,NA,0,0,0,NA,NA,NA,NA,NA,NA,NA,NA,NA,NA,NA,NA,NA,NA,NA,NA,NA,NA,NA,NA,NA,NA,NA,NA,NA,NA,NA,254,0,NA,NA,NA,NA,NA,0,NA,NA,NA,NA,NA,NA,NA,NA,0,NA,NA,NA,NA,NA,NA,NA,NA,NA,NA,NA,0,0,NA,NA,NA,NA,NA,NA,NA,NA,NA,NA,NA,NA,NA,NA,NA,NA,9,0,0,1,0,0,66.6793823242188,6571,0,34,"SECTOR SAN ANTONIO",-78.4573364257813,-5.45736312866211,929
"84",2022,5,5089,9,11,10202,7,7,2,3,20220511,1,1,1,150105,3,1,0,0,0,0,1,1,4,5,4,3,1,2,2,2,NA,46,2,NA,2,NA,NA,NA,NA,NA,NA,NA,NA,NA,NA,2,NA,NA,NA,NA,NA,NA,NA,NA,NA,NA,2,NA,NA,NA,NA,NA,NA,NA,NA,NA,NA,2,NA,NA,NA,NA,NA,NA,NA,NA,NA,NA,NA,1,2,3,0,1,24,NA,NA,1,1,2,NA,7,0,0,0,0,1,0,NA,0,1,0,0,1,0,1,0,2,0,1,1,1,0,1,0,1,0,0,0,1,0,0,0,1,1,1,1,0,0,NA,32,NA,NA,NA,0,NA,NA,NA,0,0,0,0,NA,0,NA,0,NA,NA,NA,0,NA,NA,NA,40,65,40,0,NA,NA,NA,0,NA,NA,NA,37,NA,NA,NA,NA,NA,NA,0,NA,2,0,0,0,0,0,0,0,0,0,0,0,0,2,0,32,143,37,1,1,2,26,4,2022,10,5,2022,2,NA,2,NA,1,1,1,1,2,NA,552,NA,NA,NA,NA,0,0,NA,NA,NA,NA,384,0,0,NA,NA,NA,NA,NA,NA,NA,NA,NA,0,0,444,NA,NA,NA,NA,NA,NA,0,0,0,NA,NA,NA,NA,NA,NA,NA,0,483,NA,0,785,NA,0,483,NA,NA,NA,552,0,NA,384,NA,NA,NA,0,NA,NA,NA,0,0,0,0,NA,0,NA,NA,NA,0,0,NA,NA,NA,NA,NA,NA,0,444,NA,NA,NA,NA,NA,NA,483,NA,785,NA,483,NA,0,0,NA,NA,10,0,0,0,0,0,65.1615676879883,6570,0,54,"CASERIO POMABAMBA",-78.4273986816406,-5.44626665115356,929
"85",2022,5,5089,11,11,10202,7,7,2,3,20220513,1,1,2,NA,3,3,0,0,0,0,1,1,4,6,4,1,0,2,2,2,NA,18,2,NA,2,NA,NA,NA,NA,NA,NA,NA,NA,NA,NA,2,NA,NA,NA,NA,NA,NA,NA,NA,NA,NA,2,NA,NA,NA,NA,NA,NA,NA,NA,NA,NA,2,NA,NA,NA,NA,NA,NA,NA,NA,NA,NA,NA,7,NA,3,0,NA,NA,NA,NA,1,3,2,NA,5,0,0,1,0,0,0,NA,0,0,0,0,1,0,0,0,6,0,1,0,0,0,1,0,0,0,1,0,1,0,0,0,1,0,0,0,0,0,NA,NA,NA,5,NA,0,NA,NA,NA,10,NA,NA,NA,NA,0,NA,NA,NA,0,NA,0,NA,NA,NA,0,NA,NA,NA,NA,NA,NA,NA,NA,0,NA,29,NA,NA,NA,NA,NA,NA,NA,NA,2,0,0,0,0,0,0,0,0,0,0,0,0,0,0,15,0,29,7,1,1,28,4,2022,12,5,2022,2,NA,2,NA,1,1,1,1,2,NA,216,NA,NA,NA,NA,0,0,NA,NA,NA,NA,NA,NA,NA,NA,NA,NA,60,0,0,NA,NA,NA,0,0,348,NA,NA,NA,NA,NA,NA,NA,NA,NA,NA,NA,NA,NA,NA,NA,NA,121,0,NA,NA,NA,NA,NA,NA,NA,NA,NA,216,0,NA,NA,NA,60,NA,0,NA,NA,NA,121,NA,NA,NA,NA,0,NA,NA,NA,NA,NA,NA,NA,0,0,NA,NA,0,348,NA,NA,NA,NA,NA,NA,0,NA,NA,NA,NA,NA,NA,NA,NA,NA,5,0,0,0,0,0,65.1615676879883,6570,0,54,"CASERIO POMABAMBA",-78.4273986816406,-5.44626665115356,929
"86",2022,5,5089,55,11,10202,7,7,2,3,20220512,1,1,2,NA,3,3,0,1,0,0,0,1,4,6,4,4,2,2,2,2,NA,32,2,NA,2,NA,NA,NA,NA,NA,NA,NA,NA,NA,NA,2,NA,NA,NA,NA,NA,NA,NA,NA,NA,NA,2,NA,NA,NA,NA,NA,NA,NA,NA,NA,NA,2,NA,NA,NA,NA,NA,NA,NA,NA,NA,NA,NA,1,1,3,0,1,24,NA,NA,1,1,2,NA,4,1,0,0,0,0,0,1,0,0,0,0,1,0,1,0,6,0,1,0,0,0,1,1,0,0,0,0,1,0,0,0,1,0,0,1,0,0,5,NA,NA,NA,NA,0,NA,NA,NA,10,NA,NA,0,NA,0,0,NA,NA,NA,NA,0,NA,NA,NA,0,NA,NA,0,NA,NA,NA,NA,NA,NA,NA,37,NA,NA,NA,NA,NA,NA,0,NA,2,0,0,0,0,0,0,0,0,0,0,0,0,2,0,15,0,37,1,1,1,27,4,2022,11,5,2022,2,NA,2,NA,1,1,1,1,2,NA,384,NA,NA,NA,NA,0,0,NA,60,0,NA,NA,NA,NA,NA,NA,NA,NA,NA,NA,NA,NA,NA,0,0,444,NA,NA,NA,NA,NA,NA,0,0,0,NA,NA,NA,NA,NA,NA,NA,121,0,NA,NA,NA,NA,NA,NA,NA,NA,NA,384,0,60,NA,NA,NA,NA,0,NA,NA,NA,121,NA,NA,0,NA,0,NA,0,NA,NA,NA,NA,NA,NA,NA,NA,NA,0,444,NA,NA,NA,NA,NA,NA,0,NA,NA,NA,NA,NA,0,0,NA,NA,4,0,0,0,0,0,65.1615676879883,6570,0,54,"CASERIO POMABAMBA",-78.4273986816406,-5.44626665115356,929
"87",2022,5,5089,57,11,10202,7,7,2,3,20220513,1,1,2,NA,3,3,0,0,0,0,1,1,3,6,4,4,2,2,2,2,NA,18,2,NA,2,NA,NA,NA,NA,NA,NA,NA,NA,NA,NA,2,NA,NA,NA,NA,NA,NA,NA,NA,NA,NA,2,NA,NA,NA,NA,NA,NA,NA,NA,NA,NA,2,NA,NA,NA,NA,NA,NA,NA,NA,NA,NA,NA,1,1,3,0,1,24,NA,NA,1,1,2,NA,7,0,0,1,0,0,0,NA,0,1,0,0,1,0,1,0,6,0,1,0,0,0,1,0,1,0,1,0,1,0,0,0,1,0,0,1,0,0,NA,0,NA,12,NA,0,NA,NA,NA,8,NA,NA,0,NA,0,NA,63,NA,0,NA,0,NA,NA,NA,0,NA,NA,0,NA,NA,NA,0,NA,0,NA,45,NA,NA,NA,NA,NA,NA,0,NA,2,0,0,0,0,0,0,0,0,0,0,0,0,2,0,20,64,45,1,1,2,28,4,2022,12,5,2022,2,NA,2,NA,1,1,1,1,2,NA,216,NA,NA,NA,NA,0,0,NA,NA,NA,NA,0,756,0,NA,NA,NA,144,0,0,NA,NA,NA,0,0,540,NA,NA,NA,NA,NA,NA,0,0,0,NA,NA,NA,NA,NA,NA,NA,97,0,NA,NA,NA,NA,NA,NA,NA,NA,NA,216,0,NA,0,NA,144,NA,0,NA,NA,NA,97,NA,NA,0,NA,0,NA,NA,NA,756,0,NA,NA,0,0,NA,NA,0,540,NA,NA,NA,NA,NA,NA,0,NA,NA,NA,NA,NA,0,0,NA,NA,10,0,0,0,0,0,65.1615676879883,6570,0,54,"CASERIO POMABAMBA",-78.4273986816406,-5.44626665115356,929
"88",2022,5,5089,58,11,10202,7,7,2,3,20220512,1,1,2,NA,3,3,0,0,0,0,1,1,4,5,4,3,1,2,2,2,NA,46,1,2,2,NA,NA,NA,NA,NA,NA,NA,NA,NA,NA,2,NA,NA,NA,NA,NA,NA,NA,NA,NA,NA,2,NA,NA,NA,NA,NA,NA,NA,NA,NA,NA,2,NA,NA,NA,NA,NA,NA,NA,NA,NA,NA,NA,1,1,3,0,1,24,NA,NA,1,1,2,NA,7,1,0,0,0,0,0,1,0,0,0,0,1,0,1,0,6,0,1,0,1,0,1,1,0,0,0,0,1,0,0,0,1,0,1,1,0,0,6,NA,NA,NA,NA,0,NA,NA,NA,0,NA,0,0,NA,0,0,NA,NA,NA,NA,35,NA,NA,NA,25,NA,5,0,NA,NA,NA,NA,NA,NA,NA,0,NA,NA,NA,NA,NA,NA,0,NA,2,0,0,0,0,0,0,0,0,0,0,0,0,2,0,6,65,0,1,1,1,27,4,2022,11,5,2022,2,NA,2,NA,1,1,1,1,2,NA,552,NA,NA,NA,NA,0,0,NA,72,0,NA,NA,NA,NA,NA,NA,NA,NA,NA,NA,NA,NA,NA,0,420,0,NA,NA,NA,NA,NA,NA,0,0,0,NA,NA,NA,NA,NA,NA,NA,0,302,NA,NA,NA,NA,0,60,NA,NA,NA,552,0,72,NA,NA,NA,NA,0,NA,NA,NA,0,NA,0,0,NA,0,NA,0,NA,NA,NA,NA,NA,NA,NA,NA,NA,420,0,NA,NA,NA,NA,NA,NA,302,NA,NA,NA,60,NA,0,0,NA,NA,10,0,0,0,0,0,65.1615676879883,6570,0,54,"CASERIO POMABAMBA",-78.4273986816406,-5.44626665115356,929
"89",2022,5,5089,60,11,10202,7,7,2,3,20220513,1,1,2,NA,4,3,0,0,0,0,1,1,7,6,4,2,1,2,2,2,NA,27,2,NA,2,NA,NA,NA,NA,NA,NA,NA,NA,NA,NA,2,NA,NA,NA,NA,NA,NA,NA,NA,NA,NA,2,NA,NA,NA,NA,NA,NA,NA,NA,NA,NA,2,NA,NA,NA,NA,NA,NA,NA,NA,NA,NA,NA,1,2,3,0,1,24,NA,NA,1,7,2,NA,9,0,0,1,0,0,0,NA,0,0,0,0,1,0,1,0,6,0,1,0,0,0,1,0,0,0,1,0,1,0,0,0,1,0,0,1,0,0,NA,NA,NA,12,NA,0,NA,NA,NA,10,NA,NA,0,NA,0,NA,NA,NA,0,NA,0,NA,NA,NA,0,NA,NA,0,NA,NA,NA,NA,NA,0,NA,42,NA,NA,NA,NA,NA,NA,0,NA,2,0,0,0,0,0,0,0,0,0,0,0,0,2,0,22,0,42,1,1,2,28,4,2022,12,5,2022,2,NA,2,NA,1,1,1,1,2,NA,324,NA,NA,NA,NA,0,0,NA,NA,NA,NA,NA,NA,NA,NA,NA,NA,144,0,0,NA,NA,NA,0,0,504,NA,NA,NA,NA,NA,NA,0,0,0,NA,NA,NA,NA,NA,NA,NA,121,0,NA,NA,NA,NA,NA,NA,NA,NA,NA,324,0,NA,NA,NA,144,NA,0,NA,NA,NA,121,NA,NA,0,NA,0,NA,NA,NA,NA,NA,NA,NA,0,0,NA,NA,0,504,NA,NA,NA,NA,NA,NA,0,NA,NA,NA,NA,NA,0,0,NA,NA,9,1,0,1,0,0,65.1615676879883,6570,0,54,"CASERIO POMABAMBA",-78.4273986816406,-5.44626665115356,929
"90",2022,5,5089,61,11,10202,7,7,2,3,20220512,1,1,1,60801,3,3,0,1,0,1,0,1,4,5,4,2,1,2,2,2,NA,23,2,NA,2,NA,NA,NA,NA,NA,NA,NA,NA,NA,NA,2,NA,NA,NA,NA,NA,NA,NA,NA,NA,NA,2,NA,NA,NA,NA,NA,NA,NA,NA,NA,NA,2,NA,NA,NA,NA,NA,NA,NA,NA,NA,NA,NA,1,1,3,0,1,24,NA,NA,1,1,2,NA,4,1,0,0,0,0,0,1,0,1,0,0,1,0,1,0,6,0,1,1,1,0,1,1,1,0,0,0,1,0,0,0,1,1,1,1,0,0,26,20,NA,NA,NA,0,NA,NA,NA,30,25,5,0,NA,0,0,0,NA,NA,NA,0,NA,NA,NA,0,0,0,0,NA,NA,NA,0,NA,NA,NA,42,NA,NA,NA,NA,NA,NA,0,NA,2,0,0,0,0,0,0,0,0,0,0,0,0,2,0,106,0,42,1,2,2,27,4,2022,11,5,2022,2,NA,2,NA,2,2,2,2,2,NA,276,NA,NA,NA,NA,0,0,NA,312,0,NA,240,0,0,NA,NA,NA,NA,NA,NA,NA,NA,NA,0,0,504,NA,NA,NA,NA,NA,NA,0,0,0,NA,NA,NA,NA,NA,NA,NA,363,0,NA,302,0,NA,60,0,NA,NA,NA,276,0,312,240,NA,NA,NA,0,NA,NA,NA,363,302,60,0,NA,0,NA,0,NA,0,0,NA,NA,NA,NA,NA,NA,0,504,NA,NA,NA,NA,NA,NA,0,NA,0,NA,0,NA,0,0,NA,NA,4,0,0,0,0,0,65.1615676879883,6570,0,54,"CASERIO POMABAMBA",-78.4273986816406,-5.44626665115356,929
"91",2022,9,5103,69,11,10701,7,7,1,3,20220903,1,1,2,NA,2,2,1,0,0,1,0,1,3,5,4,3,2,2,2,2,NA,162,2,NA,2,NA,NA,NA,NA,NA,NA,NA,NA,NA,NA,2,NA,NA,NA,NA,NA,NA,NA,NA,NA,NA,2,NA,NA,NA,NA,NA,NA,NA,NA,NA,NA,2,NA,NA,NA,NA,NA,NA,NA,NA,NA,NA,NA,1,2,3,0,1,6,NA,NA,2,3,1,3,7,1,0,0,0,0,0,1,0,0,0,0,1,0,1,0,6,0,1,0,0,0,0,1,0,0,0,0,1,0,0,0,1,0,0,1,0,NA,15,NA,NA,NA,NA,0,NA,NA,NA,40,NA,NA,0,NA,NA,0,NA,NA,NA,NA,0,NA,NA,NA,0,NA,NA,0,NA,NA,NA,NA,NA,NA,NA,0,NA,NA,NA,NA,NA,NA,0,NA,0,0,0,0,0,0,2,0,0,0,0,0,0,2,0,55,0,0,9,2,2,18,8,2022,1,9,2022,2,NA,2,NA,2,2,2,2,2,NA,1926,NA,NA,NA,NA,NA,NA,NA,178,0,NA,NA,NA,NA,NA,NA,NA,NA,NA,NA,NA,NA,NA,0,0,0,NA,NA,NA,NA,NA,NA,0,0,0,NA,NA,NA,NA,NA,NA,NA,472,0,NA,NA,NA,NA,NA,NA,NA,NA,NA,1926,NA,178,NA,NA,NA,NA,0,NA,NA,NA,472,NA,NA,0,NA,NA,NA,0,NA,NA,NA,NA,NA,NA,NA,NA,NA,0,0,NA,NA,NA,NA,NA,NA,0,NA,NA,NA,NA,NA,0,0,NA,NA,10,0,0,0,0,0,55.1079559326172,6753,0,45,"CASERIO SEÃ‘OR DE HUAMANTANGA",-78.3068466186523,-5.85191822052002,1030
"92",2022,9,5103,70,11,10701,7,7,1,3,20220903,1,1,1,10701,3,3,1,0,0,1,0,1,3,5,4,5,2,2,2,6,NA,41,NA,NA,2,NA,NA,NA,NA,NA,NA,NA,NA,NA,NA,2,NA,NA,NA,NA,NA,NA,NA,NA,NA,NA,2,NA,NA,NA,NA,NA,NA,NA,NA,NA,NA,2,NA,NA,NA,NA,NA,NA,NA,NA,NA,NA,NA,1,2,3,0,2,NA,1,1,1,3,1,3,7,1,0,0,0,0,0,1,0,0,0,0,1,0,1,0,6,0,1,0,0,0,1,1,0,0,0,0,1,0,0,0,1,0,0,1,0,12,5,NA,NA,NA,NA,0,NA,NA,NA,40,NA,NA,0,NA,0,0,NA,NA,NA,NA,0,NA,NA,NA,0,NA,NA,0,NA,NA,NA,NA,NA,NA,NA,0,NA,NA,NA,NA,NA,NA,0,NA,0,0,0,0,0,0,2,0,0,0,0,0,0,2,0,58,0,0,1,2,2,19,8,2022,2,9,2022,2,NA,2,NA,2,2,2,2,2,NA,488,NA,NA,NA,NA,143,0,NA,59,0,NA,NA,NA,NA,NA,NA,NA,NA,NA,NA,NA,NA,NA,0,0,0,NA,NA,NA,NA,NA,NA,0,0,0,NA,NA,NA,NA,NA,NA,NA,472,0,NA,NA,NA,NA,NA,NA,NA,NA,NA,488,143,59,NA,NA,NA,NA,0,NA,NA,NA,472,NA,NA,0,NA,0,NA,0,NA,NA,NA,NA,NA,NA,NA,NA,NA,0,0,NA,NA,NA,NA,NA,NA,0,NA,NA,NA,NA,NA,0,0,NA,NA,10,0,0,0,0,0,55.1079559326172,6753,0,45,"CASERIO SEÃ‘OR DE HUAMANTANGA",-78.3068466186523,-5.85191822052002,1030
"93",2022,9,5103,71,11,10701,7,7,1,3,20220902,1,1,2,NA,3,3,1,0,0,1,0,1,3,6,4,5,3,2,2,2,NA,83,2,NA,2,NA,NA,NA,NA,NA,NA,NA,NA,NA,NA,2,NA,NA,NA,NA,NA,NA,NA,NA,NA,NA,2,NA,NA,NA,NA,NA,NA,NA,NA,NA,NA,2,NA,NA,NA,NA,NA,NA,NA,NA,NA,NA,NA,1,1,3,0,1,2,NA,NA,2,3,1,3,7,1,0,0,0,0,0,1,0,1,0,0,1,0,1,0,6,0,1,1,0,0,0,1,1,0,0,0,1,0,0,0,1,1,0,1,0,NA,10,35,NA,NA,NA,0,NA,NA,NA,20,20,NA,0,NA,NA,0,0,NA,NA,NA,0,NA,NA,NA,0,0,NA,0,NA,NA,NA,0,NA,NA,NA,0,NA,NA,NA,NA,NA,NA,0,NA,0,0,0,0,0,0,2,0,0,0,0,0,0,2,0,86,0,0,9,2,2,18,8,2022,1,9,2022,2,NA,2,NA,2,2,2,2,2,NA,987,NA,NA,NA,NA,NA,NA,NA,119,0,NA,416,0,0,NA,NA,NA,NA,NA,NA,NA,NA,NA,0,0,0,NA,NA,NA,NA,NA,NA,0,0,0,NA,NA,NA,NA,NA,NA,NA,236,0,NA,236,0,NA,NA,NA,NA,NA,NA,987,NA,119,416,NA,NA,NA,0,NA,NA,NA,236,236,NA,0,NA,NA,NA,0,NA,0,0,NA,NA,NA,NA,NA,NA,0,0,NA,NA,NA,NA,NA,NA,0,NA,0,NA,NA,NA,0,0,NA,NA,10,0,0,0,0,0,55.1079559326172,6753,0,45,"CASERIO SEÃ‘OR DE HUAMANTANGA",-78.3068466186523,-5.85191822052002,1030
"94",2022,9,5103,72,11,10701,7,7,1,3,20220903,1,1,2,NA,3,1,0,1,0,0,0,1,3,6,4,4,3,2,2,2,NA,41,2,NA,2,NA,NA,NA,NA,NA,NA,NA,NA,NA,NA,2,NA,NA,NA,NA,NA,NA,NA,NA,NA,NA,2,NA,NA,NA,NA,NA,NA,NA,NA,NA,NA,2,NA,NA,NA,NA,NA,NA,NA,NA,NA,NA,NA,1,1,3,0,2,NA,2,6,1,3,1,3,7,1,0,0,0,0,0,1,0,1,0,0,1,0,1,0,2,0,1,1,1,0,1,1,1,0,0,0,1,0,0,0,1,1,1,1,0,9,41,109,NA,NA,NA,0,NA,NA,NA,85,30,65,0,NA,0,0,0,NA,NA,NA,0,NA,NA,NA,20,0,5,0,NA,NA,NA,0,NA,NA,NA,0,NA,NA,NA,NA,NA,NA,0,NA,0,0,0,0,0,0,2,0,0,0,0,0,0,2,0,340,24,0,1,2,2,18,8,2022,1,9,2022,2,NA,2,NA,1,1,1,2,2,NA,488,NA,NA,NA,NA,107,0,NA,488,0,NA,1296,0,0,NA,NA,NA,NA,NA,NA,NA,NA,NA,0,0,0,NA,NA,NA,NA,NA,NA,0,0,0,NA,NA,NA,NA,NA,NA,NA,1004,236,NA,354,0,NA,767,59,NA,NA,NA,488,107,488,1296,NA,NA,NA,0,NA,NA,NA,1004,354,767,0,NA,0,NA,0,NA,0,0,NA,NA,NA,NA,NA,NA,0,0,NA,NA,NA,NA,NA,NA,236,NA,0,NA,59,NA,0,0,NA,NA,10,0,0,0,0,0,55.1079559326172,6753,0,45,"CASERIO SEÃ‘OR DE HUAMANTANGA",-78.3068466186523,-5.85191822052002,1030
"95",2022,9,5103,192,11,10701,7,7,1,3,20220902,1,1,2,NA,3,3,0,1,0,1,0,1,3,6,4,2,2,2,2,2,NA,32,2,NA,2,NA,NA,NA,NA,NA,NA,NA,NA,NA,NA,2,NA,NA,NA,NA,NA,NA,NA,NA,NA,NA,2,NA,NA,NA,NA,NA,NA,NA,NA,NA,NA,2,NA,NA,NA,NA,NA,NA,NA,NA,NA,NA,NA,1,1,3,0,1,24,NA,NA,1,3,1,3,5,1,0,0,0,0,0,1,0,1,0,0,1,0,1,0,6,0,1,0,0,0,1,1,1,0,0,0,1,0,0,0,1,0,0,1,0,4,5,27,NA,NA,NA,0,NA,NA,NA,10,NA,NA,0,NA,0,0,0,NA,NA,NA,0,NA,NA,NA,0,NA,NA,0,NA,NA,NA,0,NA,NA,NA,39,NA,NA,NA,NA,NA,NA,0,NA,0,0,0,0,0,0,0,0,0,0,0,0,0,2,0,48,0,39,1,1,3,17,8,2022,31,8,2022,2,NA,2,NA,1,1,1,1,2,NA,380,NA,NA,NA,NA,48,0,NA,59,0,NA,321,0,0,NA,NA,NA,NA,NA,NA,NA,NA,NA,0,0,464,NA,NA,NA,NA,NA,NA,0,0,0,NA,NA,NA,NA,NA,NA,NA,118,0,NA,NA,NA,NA,NA,NA,NA,NA,NA,380,48,59,321,NA,NA,NA,0,NA,NA,NA,118,NA,NA,0,NA,0,NA,0,NA,0,0,NA,NA,NA,NA,NA,NA,0,464,NA,NA,NA,NA,NA,NA,0,NA,NA,NA,NA,NA,0,0,NA,NA,5,0,0,0,0,0,55.1079559326172,6753,0,45,"CASERIO SEÃ‘OR DE HUAMANTANGA",-78.3068466186523,-5.85191822052002,1030
"96",2022,9,5103,195,11,10701,7,7,1,3,20220901,1,1,2,NA,3,3,0,1,0,1,0,1,3,6,4,1,0,2,2,2,NA,23,2,NA,2,NA,NA,NA,NA,NA,NA,NA,NA,NA,NA,2,NA,NA,NA,NA,NA,NA,NA,NA,NA,NA,2,NA,NA,NA,NA,NA,NA,NA,NA,NA,NA,2,NA,NA,NA,NA,NA,NA,NA,NA,NA,NA,NA,7,NA,3,0,NA,NA,NA,NA,1,3,2,NA,7,1,0,0,0,0,0,1,0,0,0,0,0,0,0,1,NA,0,1,0,0,0,1,1,0,0,0,0,0,0,0,0,1,0,0,0,0,0,2,NA,NA,NA,NA,NA,NA,NA,NA,10,NA,NA,NA,NA,0,0,NA,NA,NA,NA,NA,NA,NA,NA,0,NA,NA,NA,NA,NA,NA,NA,NA,NA,NA,NA,NA,NA,NA,NA,NA,NA,NA,NA,2,0,0,0,0,0,0,0,0,0,0,0,0,0,0,12,0,0,7,1,1,17,8,2022,31,8,2022,2,NA,2,NA,1,1,1,1,2,NA,273,NA,NA,NA,NA,0,0,NA,24,0,NA,NA,NA,NA,NA,NA,NA,NA,NA,NA,NA,NA,NA,NA,NA,NA,NA,NA,NA,NA,NA,NA,NA,NA,NA,NA,NA,NA,NA,NA,NA,NA,118,0,NA,NA,NA,NA,NA,NA,NA,NA,NA,273,0,24,NA,NA,NA,NA,NA,NA,NA,NA,118,NA,NA,NA,NA,0,NA,0,NA,NA,NA,NA,NA,NA,NA,NA,NA,NA,NA,NA,NA,NA,NA,NA,NA,0,NA,NA,NA,NA,NA,NA,NA,NA,NA,7,0,0,1,0,0,55.1079559326172,6753,0,45,"CASERIO SEÃ‘OR DE HUAMANTANGA",-78.3068466186523,-5.85191822052002,1030
"97",2022,9,5103,198,11,10701,7,7,1,3,20220901,1,1,1,150114,3,3,0,1,0,1,0,1,9,6,4,2,1,3,2,2,NA,92,2,NA,2,NA,NA,NA,NA,NA,NA,NA,NA,NA,NA,2,NA,NA,NA,NA,NA,NA,NA,NA,NA,NA,2,NA,NA,NA,NA,NA,NA,NA,NA,NA,NA,2,NA,NA,NA,NA,NA,NA,NA,NA,NA,NA,NA,1,2,3,0,1,9,NA,NA,1,3,2,NA,7,1,0,0,0,1,0,1,0,1,0,0,0,0,0,0,2,0,1,0,1,0,1,1,1,0,0,0,0,0,0,0,1,0,1,1,0,15,1,28,NA,NA,NA,NA,NA,NA,NA,10,NA,11,0,NA,0,0,0,NA,NA,NA,NA,NA,NA,NA,15,NA,6,0,NA,NA,NA,0,NA,NA,NA,NA,NA,NA,NA,NA,NA,NA,0,NA,0,0,0,0,0,0,0,0,0,0,0,0,0,2,0,67,20,0,1,2,2,17,8,2022,31,8,2022,2,NA,2,NA,2,2,2,2,2,NA,1094,NA,NA,NA,NA,178,0,NA,12,0,NA,333,0,0,NA,NA,NA,NA,NA,NA,NA,NA,NA,NA,NA,NA,NA,NA,NA,NA,NA,NA,0,0,0,NA,NA,NA,NA,NA,NA,NA,118,177,NA,NA,NA,NA,130,71,NA,NA,NA,1094,178,12,333,NA,NA,NA,NA,NA,NA,NA,118,NA,130,0,NA,0,NA,0,NA,0,0,NA,NA,NA,NA,NA,NA,NA,NA,NA,NA,NA,NA,NA,NA,177,NA,NA,NA,71,NA,0,0,NA,NA,10,1,0,0,0,0,55.1079559326172,6753,0,45,"CASERIO SEÃ‘OR DE HUAMANTANGA",-78.3068466186523,-5.85191822052002,1030
"98",2022,5,5120,109,11,10705,7,7,3,3,20220519,1,1,2,NA,3,1,0,1,0,1,0,1,4,5,4,7,4,2,2,2,NA,46,1,1,2,NA,NA,NA,NA,NA,NA,NA,NA,NA,NA,2,NA,NA,NA,NA,NA,NA,NA,NA,NA,NA,2,NA,NA,NA,NA,NA,NA,NA,NA,NA,NA,2,NA,NA,NA,NA,NA,NA,NA,NA,NA,NA,NA,1,2,3,0,1,24,NA,NA,1,1,2,NA,1,1,0,0,0,0,0,1,0,1,0,0,1,0,1,0,6,0,1,1,0,0,1,1,1,0,0,0,1,0,0,0,1,1,0,1,0,0,14,9,NA,NA,NA,0,NA,NA,NA,10,23,NA,0,NA,0,0,0,NA,NA,NA,0,NA,NA,NA,20,0,NA,0,NA,NA,NA,0,NA,NA,NA,42,NA,NA,NA,NA,NA,NA,0,NA,2,0,0,0,0,0,0,0,0,0,0,0,0,2,0,57,19,42,1,2,2,4,5,2022,18,5,2022,2,NA,2,NA,2,2,2,2,2,NA,552,NA,NA,NA,NA,0,0,NA,168,0,NA,108,0,0,NA,NA,NA,NA,NA,NA,NA,NA,NA,0,0,504,NA,NA,NA,NA,NA,NA,0,0,0,NA,NA,NA,NA,NA,NA,NA,121,242,NA,278,0,NA,NA,NA,NA,NA,NA,552,0,168,108,NA,NA,NA,0,NA,NA,NA,121,278,NA,0,NA,0,NA,0,NA,0,0,NA,NA,NA,NA,NA,NA,0,504,NA,NA,NA,NA,NA,NA,242,NA,0,NA,NA,NA,0,0,NA,NA,1,0,0,0,0,0,65.1615676879883,6874,0,50,"CENTRO POBLADO MENOR TAMBOLIC",-78.2013854980469,-5.98514175415039,1608
"99",2022,5,5120,110,11,10705,7,7,3,3,20220518,1,1,2,NA,3,3,0,0,0,1,0,1,4,6,4,2,1,2,2,2,NA,27,2,NA,2,NA,NA,NA,NA,NA,NA,NA,NA,NA,NA,2,NA,NA,NA,NA,NA,NA,NA,NA,NA,NA,2,NA,NA,NA,NA,NA,NA,NA,NA,NA,NA,2,NA,NA,NA,NA,NA,NA,NA,NA,NA,NA,NA,1,1,3,0,1,24,NA,NA,1,1,2,NA,5,1,0,0,0,0,0,1,0,1,0,0,1,0,0,0,2,0,0,0,0,1,1,1,1,0,0,0,1,0,0,0,0,0,0,0,0,0,7,0,NA,NA,NA,0,NA,NA,NA,NA,NA,NA,NA,NA,0,0,58,NA,NA,NA,13,NA,NA,NA,NA,NA,NA,NA,NA,NA,NA,0,NA,NA,NA,0,NA,NA,NA,NA,NA,NA,NA,NA,2,0,0,0,0,0,0,0,0,0,0,0,0,0,0,7,73,0,1,1,1,3,5,2022,17,5,2022,2,NA,2,NA,1,1,1,1,2,NA,324,NA,NA,NA,NA,0,0,NA,84,0,NA,0,696,0,NA,NA,NA,NA,NA,NA,NA,NA,NA,0,156,0,NA,NA,NA,NA,NA,NA,NA,NA,NA,NA,NA,NA,NA,NA,NA,NA,NA,NA,NA,NA,NA,NA,NA,NA,NA,NA,NA,324,0,84,0,NA,NA,NA,0,NA,NA,NA,NA,NA,NA,NA,NA,0,NA,0,NA,696,0,NA,NA,NA,NA,NA,NA,156,0,NA,NA,NA,NA,NA,NA,NA,NA,NA,NA,NA,NA,NA,NA,NA,NA,5,0,0,0,0,0,65.1615676879883,6874,0,50,"CENTRO POBLADO MENOR TAMBOLIC",-78.2013854980469,-5.98514175415039,1608
"100",2022,5,5120,111,11,10705,7,7,3,3,20220519,1,2,1,150106,3,3,0,1,0,1,0,1,4,6,4,3,0,2,2,2,NA,46,2,NA,2,NA,NA,NA,NA,NA,NA,NA,NA,NA,NA,2,NA,NA,NA,NA,NA,NA,NA,NA,NA,NA,2,NA,NA,NA,NA,NA,NA,NA,NA,NA,NA,2,NA,NA,NA,NA,NA,NA,NA,NA,NA,NA,NA,1,1,3,0,1,24,NA,NA,1,3,2,NA,5,1,0,0,0,0,0,1,0,1,0,0,1,0,0,0,2,0,1,0,0,0,1,1,1,0,0,0,1,0,0,0,1,0,0,0,0,0,8,40,NA,NA,NA,0,NA,NA,NA,15,NA,NA,NA,NA,0,0,0,NA,NA,NA,0,NA,NA,NA,0,NA,NA,NA,NA,NA,NA,0,NA,NA,NA,0,NA,NA,NA,NA,NA,NA,NA,NA,2,0,0,0,0,0,2,0,0,0,0,0,0,0,0,64,0,0,1,2,2,4,5,2022,18,5,2022,2,NA,2,NA,2,2,2,2,2,NA,552,NA,NA,NA,NA,0,0,NA,96,0,NA,480,0,0,NA,NA,NA,NA,NA,NA,NA,NA,NA,0,0,0,NA,NA,NA,NA,NA,NA,NA,NA,NA,NA,NA,NA,NA,NA,NA,NA,181,0,NA,NA,NA,NA,NA,NA,NA,NA,NA,552,0,96,480,NA,NA,NA,0,NA,NA,NA,181,NA,NA,NA,NA,0,NA,0,NA,0,0,NA,NA,NA,NA,NA,NA,0,0,NA,NA,NA,NA,NA,NA,0,NA,NA,NA,NA,NA,NA,NA,NA,NA,5,0,0,0,0,0,65.1615676879883,6874,0,50,"CENTRO POBLADO MENOR TAMBOLIC",-78.2013854980469,-5.98514175415039,1608
